pred,Team1,Team2
0.17538264393806458,Alabama,Arizona
0.37339505553245544,Alabama,Arizona St
0.28292012214660645,Alabama,Arkansas
0.22743414342403412,Alabama,Auburn
0.661609947681427,Alabama,Bucknell
0.3939751982688904,Alabama,Buffalo
0.35078495740890503,Alabama,Butler
0.10632489621639252,Alabama,Cincinnati
0.26826074719429016,Alabama,Clemson
0.7478815913200378,Alabama,Col Charleston
0.26466137170791626,Alabama,Creighton
0.7994911670684814,Alabama,CS Fullerton
0.38910871744155884,Alabama,Davidson
0.11549068987369537,Alabama,Duke
0.27769941091537476,Alabama,Florida
0.39481762051582336,Alabama,Florida St
0.8153802752494812,Alabama,Georgia St
0.1025911346077919,Alabama,Gonzaga
0.2547752261161804,Alabama,Houston
0.803916871547699,Alabama,Iona
0.10702608525753021,Alabama,Kansas
0.48856106400489807,Alabama,Kansas St
0.2449088990688324,Alabama,Kentucky
0.7713602781295776,Alabama,Lipscomb
0.9128111004829407,Alabama,Long Island
0.45298561453819275,Alabama,Loyola-Chicago
0.5753013491630554,Alabama,Marshall
0.31883639097213745,Alabama,Miami FL
0.16830773651599884,Alabama,Michigan
0.3738628327846527,Alabama,Michigan St
0.53267902135849,Alabama,Missouri
0.5103307962417603,Alabama,Montana
0.544682502746582,Alabama,Murray St
0.9123384356498718,Alabama,NC Central
0.45090582966804504,Alabama,NC State
0.24495956301689148,Alabama,Nevada
0.4070710837841034,Alabama,New Mexico St
0.11508189141750336,Alabama,North Carolina
0.23839101195335388,Alabama,Ohio St
0.3953135013580322,Alabama,Oklahoma
0.7340793609619141,Alabama,Penn
0.5239797234535217,Alabama,Providence
0.13705158233642578,Alabama,Purdue
0.9051761627197266,Alabama,Radford
0.23138229548931122,Alabama,Rhode Island
0.6688776016235352,Alabama,S Dakota St
0.43983131647109985,Alabama,San Diego St
0.22000037133693695,Alabama,Seton Hall
0.7557333111763,Alabama,SF Austin
0.540855348110199,Alabama,St Bonaventure
0.40875574946403503,Alabama,Syracuse
0.5416533350944519,Alabama,TCU
0.1613117903470993,Alabama,Tennessee
0.36696484684944153,Alabama,Texas
0.22445876896381378,Alabama,Texas A&M
0.19394341111183167,Alabama,Texas Tech
0.9316306114196777,Alabama,TX Southern
0.39481762051582336,Alabama,UCLA
0.8756552934646606,Alabama,UMBC
0.6296135187149048,Alabama,UNC Greensboro
0.09882064908742905,Alabama,Villanova
0.11111290007829666,Alabama,Virginia
0.4969402551651001,Alabama,Virginia Tech
0.1600196659564972,Alabama,West Virginia
0.5222533345222473,Alabama,Wichita St
0.7650042176246643,Alabama,Wright St
0.15781612694263458,Alabama,Xavier
0.5659214854240417,Arizona,Arizona St
0.550685465335846,Arizona,Arkansas
0.26236411929130554,Arizona,Auburn
0.7801794409751892,Arizona,Bucknell
0.8191816210746765,Arizona,Buffalo
0.6183127164840698,Arizona,Butler
0.276658296585083,Arizona,Cincinnati
0.5040194392204285,Arizona,Clemson
0.8228656053543091,Arizona,Col Charleston
0.29124054312705994,Arizona,Creighton
0.9395149946212769,Arizona,CS Fullerton
0.6047366261482239,Arizona,Davidson
0.3510909676551819,Arizona,Duke
0.5811192989349365,Arizona,Florida
0.6997338533401489,Arizona,Florida St
0.7780438661575317,Arizona,Georgia St
0.36015045642852783,Arizona,Gonzaga
0.5005768537521362,Arizona,Houston
0.9162836670875549,Arizona,Iona
0.36954838037490845,Arizona,Kansas
0.7755700945854187,Arizona,Kansas St
0.6045985817909241,Arizona,Kentucky
0.9365997910499573,Arizona,Lipscomb
0.949999988079071,Arizona,Long Island
0.6835976243019104,Arizona,Loyola-Chicago
0.806176483631134,Arizona,Marshall
0.6103184223175049,Arizona,Miami FL
0.3420688211917877,Arizona,Michigan
0.5927686095237732,Arizona,Michigan St
0.709270179271698,Arizona,Missouri
0.789609968662262,Arizona,Montana
0.7743068337440491,Arizona,Murray St
0.949999988079071,Arizona,NC Central
0.6948418617248535,Arizona,NC State
0.5705809593200684,Arizona,Nevada
0.632413923740387,Arizona,New Mexico St
0.38919803500175476,Arizona,North Carolina
0.4500093460083008,Arizona,Ohio St
0.7441747188568115,Arizona,Oklahoma
0.8595031499862671,Arizona,Penn
0.8625897765159607,Arizona,Providence
0.38047099113464355,Arizona,Purdue
0.9485093355178833,Arizona,Radford
0.6300538778305054,Arizona,Rhode Island
0.584065318107605,Arizona,S Dakota St
0.6636866927146912,Arizona,San Diego St
0.6594536900520325,Arizona,Seton Hall
0.8057971596717834,Arizona,SF Austin
0.7267122864723206,Arizona,St Bonaventure
0.8422979712486267,Arizona,Syracuse
0.4343283772468567,Arizona,TCU
0.44542258977890015,Arizona,Tennessee
0.7808996438980103,Arizona,Texas
0.7019380331039429,Arizona,Texas A&M
0.4662982225418091,Arizona,Texas Tech
0.9447782635688782,Arizona,TX Southern
0.64830082654953,Arizona,UCLA
0.949999988079071,Arizona,UMBC
0.6951907277107239,Arizona,UNC Greensboro
0.2095084935426712,Arizona,Villanova
0.2034107893705368,Arizona,Virginia
0.6887384057044983,Arizona,Virginia Tech
0.3475560247898102,Arizona,West Virginia
0.42370906472206116,Arizona,Wichita St
0.9430064558982849,Arizona,Wright St
0.4270697236061096,Arizona,Xavier
0.31422045826911926,Arizona St,Arkansas
0.25984326004981995,Arizona St,Auburn
0.7776489853858948,Arizona St,Bucknell
0.4758097529411316,Arizona St,Buffalo
0.3282001316547394,Arizona St,Butler
0.10214611142873764,Arizona St,Cincinnati
0.24772533774375916,Arizona St,Clemson
0.7963648438453674,Arizona St,Col Charleston
0.5989364385604858,Arizona St,Creighton
0.9088153839111328,Arizona St,CS Fullerton
0.6384721994400024,Arizona St,Davidson
0.1494469791650772,Arizona St,Duke
0.25810450315475464,Arizona St,Florida
0.38757190108299255,Arizona St,Florida St
0.773966372013092,Arizona St,Georgia St
0.1265377402305603,Arizona St,Gonzaga
0.2407749742269516,Arizona St,Houston
0.8233842849731445,Arizona St,Iona
0.1687033772468567,Arizona St,Kansas
0.3678400218486786,Arizona St,Kansas St
0.24456246197223663,Arizona St,Kentucky
0.9327235817909241,Arizona St,Lipscomb
0.9494946002960205,Arizona St,Long Island
0.40389376878738403,Arizona St,Loyola-Chicago
0.858276903629303,Arizona St,Marshall
0.32533523440361023,Arizona St,Miami FL
0.18016338348388672,Arizona St,Michigan
0.16979023814201355,Arizona St,Michigan St
0.41263237595558167,Arizona St,Missouri
0.5850257277488708,Arizona St,Montana
0.5686894059181213,Arizona St,Murray St
0.949999988079071,Arizona St,NC Central
0.39259275794029236,Arizona St,NC State
0.24627351760864258,Arizona St,Nevada
0.5651639699935913,Arizona St,New Mexico St
0.20069868862628937,Arizona St,North Carolina
0.24313566088676453,Arizona St,Ohio St
0.4762630760669708,Arizona St,Oklahoma
0.8105558753013611,Arizona St,Penn
0.7037352323532104,Arizona St,Providence
0.18710292875766754,Arizona St,Purdue
0.9425650835037231,Arizona St,Radford
0.37150776386260986,Arizona St,Rhode Island
0.6148678660392761,Arizona St,S Dakota St
0.5181466937065125,Arizona St,San Diego St
0.3020608127117157,Arizona St,Seton Hall
0.8304055333137512,Arizona St,SF Austin
0.5120302438735962,Arizona St,St Bonaventure
0.6547121405601501,Arizona St,Syracuse
0.25198400020599365,Arizona St,TCU
0.24913941323757172,Arizona St,Tennessee
0.26970386505126953,Arizona St,Texas
0.3733406066894531,Arizona St,Texas A&M
0.2774031162261963,Arizona St,Texas Tech
0.949999988079071,Arizona St,TX Southern
0.3950003385543823,Arizona St,UCLA
0.949999988079071,Arizona St,UMBC
0.6694321036338806,Arizona St,UNC Greensboro
0.16342505812644958,Arizona St,Villanova
0.10933860391378403,Arizona St,Virginia
0.4293419420719147,Arizona St,Virginia Tech
0.19139033555984497,Arizona St,West Virginia
0.23687361180782318,Arizona St,Wichita St
0.873669445514679,Arizona St,Wright St
0.13474345207214355,Arizona St,Xavier
0.4969002306461334,Arkansas,Auburn
0.7796903848648071,Arkansas,Bucknell
0.5600284337997437,Arkansas,Buffalo
0.4986664056777954,Arkansas,Butler
0.1668732464313507,Arkansas,Cincinnati
0.37300077080726624,Arkansas,Clemson
0.7833288908004761,Arkansas,Col Charleston
0.5497519969940186,Arkansas,Creighton
0.9089840054512024,Arkansas,CS Fullerton
0.677594006061554,Arkansas,Davidson
0.289387047290802,Arkansas,Duke
0.37575361132621765,Arkansas,Florida
0.5021620392799377,Arkansas,Florida St
0.8326061964035034,Arkansas,Georgia St
0.31311744451522827,Arkansas,Gonzaga
0.41124817728996277,Arkansas,Houston
0.8944878578186035,Arkansas,Iona
0.24030780792236328,Arkansas,Kansas
0.5102061033248901,Arkansas,Kansas St
0.32254067063331604,Arkansas,Kentucky
0.9240283966064453,Arkansas,Lipscomb
0.9459919333457947,Arkansas,Long Island
0.6626901626586914,Arkansas,Loyola-Chicago
0.7385224103927612,Arkansas,Marshall
0.5352388620376587,Arkansas,Miami FL
0.4388226866722107,Arkansas,Michigan
0.3907855451107025,Arkansas,Michigan St
0.5284858345985413,Arkansas,Missouri
0.7501350045204163,Arkansas,Montana
0.6194531917572021,Arkansas,Murray St
0.949999988079071,Arkansas,NC Central
0.5433403849601746,Arkansas,NC State
0.47407224774360657,Arkansas,Nevada
0.721240758895874,Arkansas,New Mexico St
0.4503566026687622,Arkansas,North Carolina
0.3883197605609894,Arkansas,Ohio St
0.5180647969245911,Arkansas,Oklahoma
0.79402095079422,Arkansas,Penn
0.6859950423240662,Arkansas,Providence
0.23526471853256226,Arkansas,Purdue
0.8947188258171082,Arkansas,Radford
0.5287166237831116,Arkansas,Rhode Island
0.719879686832428,Arkansas,S Dakota St
0.5893705487251282,Arkansas,San Diego St
0.507266640663147,Arkansas,Seton Hall
0.8962532877922058,Arkansas,SF Austin
0.5869042277336121,Arkansas,St Bonaventure
0.6455492377281189,Arkansas,Syracuse
0.4159961938858032,Arkansas,TCU
0.3736443817615509,Arkansas,Tennessee
0.6080822944641113,Arkansas,Texas
0.6005600094795227,Arkansas,Texas A&M
0.3240512013435364,Arkansas,Texas Tech
0.949999988079071,Arkansas,TX Southern
0.5601423382759094,Arkansas,UCLA
0.9079920649528503,Arkansas,UMBC
0.8695128560066223,Arkansas,UNC Greensboro
0.09313946962356567,Arkansas,Villanova
0.1696745902299881,Arkansas,Virginia
0.5793724656105042,Arkansas,Virginia Tech
0.3329320549964905,Arkansas,West Virginia
0.562558650970459,Arkansas,Wichita St
0.9359822273254395,Arkansas,Wright St
0.36704444885253906,Arkansas,Xavier
0.7722325921058655,Auburn,Bucknell
0.760389506816864,Auburn,Buffalo
0.48029109835624695,Auburn,Butler
0.21049945056438446,Auburn,Cincinnati
0.47901520133018494,Auburn,Clemson
0.7844187021255493,Auburn,Col Charleston
0.4943966567516327,Auburn,Creighton
0.949999988079071,Auburn,CS Fullerton
0.7669727802276611,Auburn,Davidson
0.28836506605148315,Auburn,Duke
0.5545760989189148,Auburn,Florida
0.6395704746246338,Auburn,Florida St
0.7409382462501526,Auburn,Georgia St
0.25087395310401917,Auburn,Gonzaga
0.38012272119522095,Auburn,Houston
0.9244558811187744,Auburn,Iona
0.3591326177120209,Auburn,Kansas
0.7321280837059021,Auburn,Kansas St
0.5299397110939026,Auburn,Kentucky
0.949999988079071,Auburn,Lipscomb
0.949999988079071,Auburn,Long Island
0.6710204482078552,Auburn,Loyola-Chicago
0.8422475457191467,Auburn,Marshall
0.6076372861862183,Auburn,Miami FL
0.2717559337615967,Auburn,Michigan
0.2969713807106018,Auburn,Michigan St
0.7866191864013672,Auburn,Missouri
0.7984693646430969,Auburn,Montana
0.7213836908340454,Auburn,Murray St
0.949999988079071,Auburn,NC Central
0.5986679196357727,Auburn,NC State
0.5887550711631775,Auburn,Nevada
0.6713801026344299,Auburn,New Mexico St
0.3785789906978607,Auburn,North Carolina
0.46800291538238525,Auburn,Ohio St
0.7054759860038757,Auburn,Oklahoma
0.8177139163017273,Auburn,Penn
0.8057273626327515,Auburn,Providence
0.26295778155326843,Auburn,Purdue
0.949999988079071,Auburn,Radford
0.6285842657089233,Auburn,Rhode Island
0.7790637612342834,Auburn,S Dakota St
0.6814764738082886,Auburn,San Diego St
0.5124638080596924,Auburn,Seton Hall
0.834028959274292,Auburn,SF Austin
0.7467381954193115,Auburn,St Bonaventure
0.8022684454917908,Auburn,Syracuse
0.3952454924583435,Auburn,TCU
0.3747818171977997,Auburn,Tennessee
0.7850880026817322,Auburn,Texas
0.6587797999382019,Auburn,Texas A&M
0.4672318696975708,Auburn,Texas Tech
0.949999988079071,Auburn,TX Southern
0.6450589895248413,Auburn,UCLA
0.949999988079071,Auburn,UMBC
0.7669680118560791,Auburn,UNC Greensboro
0.4377032518386841,Auburn,Villanova
0.22190110385417938,Auburn,Virginia
0.5918079018592834,Auburn,Virginia Tech
0.3391118347644806,Auburn,West Virginia
0.4843583405017853,Auburn,Wichita St
0.938612699508667,Auburn,Wright St
0.35996317863464355,Auburn,Xavier
0.3021153509616852,Bucknell,Buffalo
0.17191337049007416,Bucknell,Butler
0.10002072900533676,Bucknell,Cincinnati
0.14041133224964142,Bucknell,Clemson
0.5178975462913513,Bucknell,Col Charleston
0.18441303074359894,Bucknell,Creighton
0.8193364143371582,Bucknell,CS Fullerton
0.2897467315196991,Bucknell,Davidson
0.10988571494817734,Bucknell,Duke
0.17367085814476013,Bucknell,Florida
0.16794100403785706,Bucknell,Florida St
0.5830487608909607,Bucknell,Georgia St
0.17317412793636322,Bucknell,Gonzaga
0.14400631189346313,Bucknell,Houston
0.7965105772018433,Bucknell,Iona
0.13500680029392242,Bucknell,Kansas
0.2814440429210663,Bucknell,Kansas St
0.1438014805316925,Bucknell,Kentucky
0.8763422966003418,Bucknell,Lipscomb
0.9385057091712952,Bucknell,Long Island
0.20302161574363708,Bucknell,Loyola-Chicago
0.5128623247146606,Bucknell,Marshall
0.16709819436073303,Bucknell,Miami FL
0.14854873716831207,Bucknell,Michigan
0.11557893455028534,Bucknell,Michigan St
0.1802307367324829,Bucknell,Missouri
0.3061000108718872,Bucknell,Montana
0.29062628746032715,Bucknell,Murray St
0.949999988079071,Bucknell,NC Central
0.1500788927078247,Bucknell,NC State
0.15022757649421692,Bucknell,Nevada
0.1469443142414093,Bucknell,New Mexico St
0.18189847469329834,Bucknell,North Carolina
0.15206795930862427,Bucknell,Ohio St
0.1816820204257965,Bucknell,Oklahoma
0.5890708565711975,Bucknell,Penn
0.24013733863830566,Bucknell,Providence
0.13535918295383453,Bucknell,Purdue
0.9001983404159546,Bucknell,Radford
0.12763898074626923,Bucknell,Rhode Island
0.27128341794013977,Bucknell,S Dakota St
0.17631298303604126,Bucknell,San Diego St
0.14558091759681702,Bucknell,Seton Hall
0.43670040369033813,Bucknell,SF Austin
0.15126483142375946,Bucknell,St Bonaventure
0.2111387848854065,Bucknell,Syracuse
0.1147383600473404,Bucknell,TCU
0.13641639053821564,Bucknell,Tennessee
0.2187035232782364,Bucknell,Texas
0.2229427546262741,Bucknell,Texas A&M
0.13884557783603668,Bucknell,Texas Tech
0.930595338344574,Bucknell,TX Southern
0.19704747200012207,Bucknell,UCLA
0.8641387820243835,Bucknell,UMBC
0.37713173031806946,Bucknell,UNC Greensboro
0.11367949098348618,Bucknell,Villanova
0.07351115345954895,Bucknell,Virginia
0.21216034889221191,Bucknell,Virginia Tech
0.17476758360862732,Bucknell,West Virginia
0.26285168528556824,Bucknell,Wichita St
0.647560179233551,Bucknell,Wright St
0.12453488260507584,Bucknell,Xavier
0.30826374888420105,Buffalo,Butler
0.10222197324037552,Buffalo,Cincinnati
0.23047183454036713,Buffalo,Clemson
0.6560696959495544,Buffalo,Col Charleston
0.43494492769241333,Buffalo,Creighton
0.9016520977020264,Buffalo,CS Fullerton
0.5196073055267334,Buffalo,Davidson
0.1212920993566513,Buffalo,Duke
0.19777660071849823,Buffalo,Florida
0.25130245089530945,Buffalo,Florida St
0.7897020578384399,Buffalo,Georgia St
0.18756501376628876,Buffalo,Gonzaga
0.11692885309457779,Buffalo,Houston
0.8811413049697876,Buffalo,Iona
0.19635498523712158,Buffalo,Kansas
0.29944291710853577,Buffalo,Kansas St
0.19447791576385498,Buffalo,Kentucky
0.8432009220123291,Buffalo,Lipscomb
0.945248544216156,Buffalo,Long Island
0.2731171250343323,Buffalo,Loyola-Chicago
0.8098412752151489,Buffalo,Marshall
0.23514890670776367,Buffalo,Miami FL
0.12211459130048752,Buffalo,Michigan
0.12193671613931656,Buffalo,Michigan St
0.32181432843208313,Buffalo,Missouri
0.5576956272125244,Buffalo,Montana
0.2974728047847748,Buffalo,Murray St
0.949999988079071,Buffalo,NC Central
0.31433382630348206,Buffalo,NC State
0.256489098072052,Buffalo,Nevada
0.28996410965919495,Buffalo,New Mexico St
0.1700708568096161,Buffalo,North Carolina
0.16485078632831573,Buffalo,Ohio St
0.3300060033798218,Buffalo,Oklahoma
0.7825955748558044,Buffalo,Penn
0.47038552165031433,Buffalo,Providence
0.13012424111366272,Buffalo,Purdue
0.80576092004776,Buffalo,Radford
0.2886613607406616,Buffalo,Rhode Island
0.6320644021034241,Buffalo,S Dakota St
0.33197587728500366,Buffalo,San Diego St
0.289641410112381,Buffalo,Seton Hall
0.7387311458587646,Buffalo,SF Austin
0.3140563666820526,Buffalo,St Bonaventure
0.32852280139923096,Buffalo,Syracuse
0.15654031932353973,Buffalo,TCU
0.13755619525909424,Buffalo,Tennessee
0.15124230086803436,Buffalo,Texas
0.3434402346611023,Buffalo,Texas A&M
0.16662156581878662,Buffalo,Texas Tech
0.9434837102890015,Buffalo,TX Southern
0.4320056438446045,Buffalo,UCLA
0.8471574187278748,Buffalo,UMBC
0.6181606650352478,Buffalo,UNC Greensboro
0.18898364901542664,Buffalo,Villanova
0.0960795134305954,Buffalo,Virginia
0.3115496039390564,Buffalo,Virginia Tech
0.15080036222934723,Buffalo,West Virginia
0.16682827472686768,Buffalo,Wichita St
0.853428065776825,Buffalo,Wright St
0.17641158401966095,Buffalo,Xavier
0.19378027319908142,Butler,Cincinnati
0.3619517385959625,Butler,Clemson
0.7853933572769165,Butler,Col Charleston
0.5119383335113525,Butler,Creighton
0.9211966395378113,Butler,CS Fullerton
0.6067033410072327,Butler,Davidson
0.13741838932037354,Butler,Duke
0.39418041706085205,Butler,Florida
0.5320935249328613,Butler,Florida St
0.7691187262535095,Butler,Georgia St
0.14672386646270752,Butler,Gonzaga
0.35038822889328003,Butler,Houston
0.8960506916046143,Butler,Iona
0.26198363304138184,Butler,Kansas
0.5505936145782471,Butler,Kansas St
0.2811845541000366,Butler,Kentucky
0.9461310505867004,Butler,Lipscomb
0.949999988079071,Butler,Long Island
0.47503355145454407,Butler,Loyola-Chicago
0.802389919757843,Butler,Marshall
0.48111817240715027,Butler,Miami FL
0.24063800275325775,Butler,Michigan
0.3603322505950928,Butler,Michigan St
0.5819211602210999,Butler,Missouri
0.6987521052360535,Butler,Montana
0.5730514526367188,Butler,Murray St
0.9352349042892456,Butler,NC Central
0.49917542934417725,Butler,NC State
0.38840624690055847,Butler,Nevada
0.6280483603477478,Butler,New Mexico St
0.24998122453689575,Butler,North Carolina
0.34066125750541687,Butler,Ohio St
0.5597463846206665,Butler,Oklahoma
0.813727855682373,Butler,Penn
0.7921873927116394,Butler,Providence
0.217306986451149,Butler,Purdue
0.905799150466919,Butler,Radford
0.2791235148906708,Butler,Rhode Island
0.6168177127838135,Butler,S Dakota St
0.5940630435943604,Butler,San Diego St
0.37221255898475647,Butler,Seton Hall
0.8155797719955444,Butler,SF Austin
0.5100427269935608,Butler,St Bonaventure
0.6661136150360107,Butler,Syracuse
0.3798072338104248,Butler,TCU
0.2530721426010132,Butler,Tennessee
0.6432933211326599,Butler,Texas
0.38829949498176575,Butler,Texas A&M
0.2483242303133011,Butler,Texas Tech
0.949999988079071,Butler,TX Southern
0.5767512321472168,Butler,UCLA
0.949999988079071,Butler,UMBC
0.7865435481071472,Butler,UNC Greensboro
0.1837758719921112,Butler,Villanova
0.16205333173274994,Butler,Virginia
0.44097957015037537,Butler,Virginia Tech
0.36852189898490906,Butler,West Virginia
0.4536365568637848,Butler,Wichita St
0.8092129230499268,Butler,Wright St
0.26997503638267517,Butler,Xavier
0.6670311689376831,Cincinnati,Clemson
0.848350465297699,Cincinnati,Col Charleston
0.6899495124816895,Cincinnati,Creighton
0.9349777102470398,Cincinnati,CS Fullerton
0.8662941455841064,Cincinnati,Davidson
0.5101083517074585,Cincinnati,Duke
0.639030933380127,Cincinnati,Florida
0.6655552387237549,Cincinnati,Florida St
0.8474368453025818,Cincinnati,Georgia St
0.3824795186519623,Cincinnati,Gonzaga
0.5577905178070068,Cincinnati,Houston
0.9287195205688477,Cincinnati,Iona
0.6041218638420105,Cincinnati,Kansas
0.7644945979118347,Cincinnati,Kansas St
0.5026150345802307,Cincinnati,Kentucky
0.9427986741065979,Cincinnati,Lipscomb
0.949999988079071,Cincinnati,Long Island
0.7354896664619446,Cincinnati,Loyola-Chicago
0.889548122882843,Cincinnati,Marshall
0.719898521900177,Cincinnati,Miami FL
0.5326418876647949,Cincinnati,Michigan
0.46196407079696655,Cincinnati,Michigan St
0.6846312880516052,Cincinnati,Missouri
0.8166261911392212,Cincinnati,Montana
0.8679685592651367,Cincinnati,Murray St
0.949999988079071,Cincinnati,NC Central
0.715722382068634,Cincinnati,NC State
0.7013565897941589,Cincinnati,Nevada
0.8070375919342041,Cincinnati,New Mexico St
0.5615906715393066,Cincinnati,North Carolina
0.47608962655067444,Cincinnati,Ohio St
0.782485842704773,Cincinnati,Oklahoma
0.935583770275116,Cincinnati,Penn
0.8740249872207642,Cincinnati,Providence
0.5614930987358093,Cincinnati,Purdue
0.949999988079071,Cincinnati,Radford
0.5859160423278809,Cincinnati,Rhode Island
0.8089904189109802,Cincinnati,S Dakota St
0.8195650577545166,Cincinnati,San Diego St
0.695035457611084,Cincinnati,Seton Hall
0.8245915770530701,Cincinnati,SF Austin
0.8138397932052612,Cincinnati,St Bonaventure
0.9087961316108704,Cincinnati,Syracuse
0.587065577507019,Cincinnati,TCU
0.5252142548561096,Cincinnati,Tennessee
0.780690610408783,Cincinnati,Texas
0.7714164853096008,Cincinnati,Texas A&M
0.5812979340553284,Cincinnati,Texas Tech
0.949999988079071,Cincinnati,TX Southern
0.7934582233428955,Cincinnati,UCLA
0.949999988079071,Cincinnati,UMBC
0.8275411128997803,Cincinnati,UNC Greensboro
0.364920049905777,Cincinnati,Villanova
0.48378854990005493,Cincinnati,Virginia
0.7055127024650574,Cincinnati,Virginia Tech
0.5153159499168396,Cincinnati,West Virginia
0.5682886242866516,Cincinnati,Wichita St
0.949999988079071,Cincinnati,Wright St
0.6083576083183289,Cincinnati,Xavier
0.8008351922035217,Clemson,Col Charleston
0.39244791865348816,Clemson,Creighton
0.9352241158485413,Clemson,CS Fullerton
0.5589116811752319,Clemson,Davidson
0.2558493912220001,Clemson,Duke
0.49317529797554016,Clemson,Florida
0.5861991047859192,Clemson,Florida St
0.8164899349212646,Clemson,Georgia St
0.1918516457080841,Clemson,Gonzaga
0.37745898962020874,Clemson,Houston
0.8925198316574097,Clemson,Iona
0.46040457487106323,Clemson,Kansas
0.6282621026039124,Clemson,Kansas St
0.359203040599823,Clemson,Kentucky
0.8876972794532776,Clemson,Lipscomb
0.9205275177955627,Clemson,Long Island
0.45296090841293335,Clemson,Loyola-Chicago
0.7916838526725769,Clemson,Marshall
0.4928976893424988,Clemson,Miami FL
0.4116530418395996,Clemson,Michigan
0.8277768492698669,Clemson,Michigan St
0.6881016492843628,Clemson,Missouri
0.746008038520813,Clemson,Montana
0.7917536497116089,Clemson,Murray St
0.944800853729248,Clemson,NC Central
0.5557214617729187,Clemson,NC State
0.4710730016231537,Clemson,Nevada
0.5027695298194885,Clemson,New Mexico St
0.40753471851348877,Clemson,North Carolina
0.30002763867378235,Clemson,Ohio St
0.5906007885932922,Clemson,Oklahoma
0.739281415939331,Clemson,Penn
0.607926070690155,Clemson,Providence
0.4564439356327057,Clemson,Purdue
0.9155153632164001,Clemson,Radford
0.40206843614578247,Clemson,Rhode Island
0.785973072052002,Clemson,S Dakota St
0.5543872714042664,Clemson,San Diego St
0.48189225792884827,Clemson,Seton Hall
0.7864883542060852,Clemson,SF Austin
0.625376284122467,Clemson,St Bonaventure
0.6905057430267334,Clemson,Syracuse
0.33952605724334717,Clemson,TCU
0.3526766300201416,Clemson,Tennessee
0.7258648872375488,Clemson,Texas
0.4931279718875885,Clemson,Texas A&M
0.2575001120567322,Clemson,Texas Tech
0.9280627369880676,Clemson,TX Southern
0.6311356425285339,Clemson,UCLA
0.9160003066062927,Clemson,UMBC
0.7506892085075378,Clemson,UNC Greensboro
0.21698592603206635,Clemson,Villanova
0.21409739553928375,Clemson,Virginia
0.4813271462917328,Clemson,Virginia Tech
0.35471412539482117,Clemson,West Virginia
0.24708113074302673,Clemson,Wichita St
0.7971290349960327,Clemson,Wright St
0.21907015144824982,Clemson,Xavier
0.4562237560749054,Col Charleston,Creighton
0.8541049361228943,Col Charleston,CS Fullerton
0.1732291281223297,Col Charleston,Davidson
0.48341435194015503,Col Charleston,Duke
0.1361279934644699,Col Charleston,Florida
0.217002272605896,Col Charleston,Florida St
0.5332883596420288,Col Charleston,Georgia St
0.1140374094247818,Col Charleston,Gonzaga
0.21614323556423187,Col Charleston,Houston
0.7496041655540466,Col Charleston,Iona
0.18677566945552826,Col Charleston,Kansas
0.2001926600933075,Col Charleston,Kansas St
0.15137313306331635,Col Charleston,Kentucky
0.949999988079071,Col Charleston,Lipscomb
0.93730229139328,Col Charleston,Long Island
0.22773435711860657,Col Charleston,Loyola-Chicago
0.7672176957130432,Col Charleston,Marshall
0.18194054067134857,Col Charleston,Miami FL
0.1370713859796524,Col Charleston,Michigan
0.4818744957447052,Col Charleston,Michigan St
0.18788760900497437,Col Charleston,Missouri
0.26647061109542847,Col Charleston,Montana
0.21479083597660065,Col Charleston,Murray St
0.949999988079071,Col Charleston,NC Central
0.17549657821655273,Col Charleston,NC State
0.15023374557495117,Col Charleston,Nevada
0.12758396565914154,Col Charleston,New Mexico St
0.44881051778793335,Col Charleston,North Carolina
0.20522981882095337,Col Charleston,Ohio St
0.22477322816848755,Col Charleston,Oklahoma
0.8179728984832764,Col Charleston,Penn
0.36511632800102234,Col Charleston,Providence
0.13346119225025177,Col Charleston,Purdue
0.7917429804801941,Col Charleston,Radford
0.21248650550842285,Col Charleston,Rhode Island
0.21625415980815887,Col Charleston,S Dakota St
0.20701968669891357,Col Charleston,San Diego St
0.16243186593055725,Col Charleston,Seton Hall
0.8201577663421631,Col Charleston,SF Austin
0.16091026365756989,Col Charleston,St Bonaventure
0.2879897952079773,Col Charleston,Syracuse
0.4325948655605316,Col Charleston,TCU
0.16123344004154205,Col Charleston,Tennessee
0.2567913830280304,Col Charleston,Texas
0.35285684466362,Col Charleston,Texas A&M
0.14775337278842926,Col Charleston,Texas Tech
0.9317063689231873,Col Charleston,TX Southern
0.21923783421516418,Col Charleston,UCLA
0.9167738556861877,Col Charleston,UMBC
0.39727070927619934,Col Charleston,UNC Greensboro
0.1185578778386116,Col Charleston,Villanova
0.09283363074064255,Col Charleston,Virginia
0.18343549966812134,Col Charleston,Virginia Tech
0.18455342948436737,Col Charleston,West Virginia
0.4243970215320587,Col Charleston,Wichita St
0.7135157585144043,Col Charleston,Wright St
0.16454069316387177,Col Charleston,Xavier
0.949999988079071,Creighton,CS Fullerton
0.5749340653419495,Creighton,Davidson
0.21949313580989838,Creighton,Duke
0.2915400266647339,Creighton,Florida
0.4255352020263672,Creighton,Florida St
0.7979990839958191,Creighton,Georgia St
0.1626555323600769,Creighton,Gonzaga
0.2674037218093872,Creighton,Houston
0.9141338467597961,Creighton,Iona
0.23751527070999146,Creighton,Kansas
0.5477522611618042,Creighton,Kansas St
0.2886184751987457,Creighton,Kentucky
0.9128261208534241,Creighton,Lipscomb
0.9414853453636169,Creighton,Long Island
0.5294637680053711,Creighton,Loyola-Chicago
0.8403548002243042,Creighton,Marshall
0.4332175850868225,Creighton,Miami FL
0.2472722977399826,Creighton,Michigan
0.20123253762722015,Creighton,Michigan St
0.609380841255188,Creighton,Missouri
0.7466065287590027,Creighton,Montana
0.41457903385162354,Creighton,Murray St
0.949999988079071,Creighton,NC Central
0.4951501488685608,Creighton,NC State
0.3434101939201355,Creighton,Nevada
0.7326034903526306,Creighton,New Mexico St
0.2640742361545563,Creighton,North Carolina
0.3166714310646057,Creighton,Ohio St
0.5321605205535889,Creighton,Oklahoma
0.8031272292137146,Creighton,Penn
0.812332272529602,Creighton,Providence
0.16487035155296326,Creighton,Purdue
0.8827853798866272,Creighton,Radford
0.4346843957901001,Creighton,Rhode Island
0.6135043501853943,Creighton,S Dakota St
0.5914115905761719,Creighton,San Diego St
0.3881198465824127,Creighton,Seton Hall
0.8338853120803833,Creighton,SF Austin
0.5882114768028259,Creighton,St Bonaventure
0.7933521866798401,Creighton,Syracuse
0.37851887941360474,Creighton,TCU
0.3139299750328064,Creighton,Tennessee
0.7468592524528503,Creighton,Texas
0.36835354566574097,Creighton,Texas A&M
0.24771574139595032,Creighton,Texas Tech
0.946699321269989,Creighton,TX Southern
0.47513553500175476,Creighton,UCLA
0.949999988079071,Creighton,UMBC
0.7865038514137268,Creighton,UNC Greensboro
0.16633036732673645,Creighton,Villanova
0.11616264283657074,Creighton,Virginia
0.35505184531211853,Creighton,Virginia Tech
0.23805809020996094,Creighton,West Virginia
0.2877407670021057,Creighton,Wichita St
0.8654586672782898,Creighton,Wright St
0.2733533978462219,Creighton,Xavier
0.05442802235484123,CS Fullerton,Davidson
0.05000000074505806,CS Fullerton,Duke
0.05000000074505806,CS Fullerton,Florida
0.11202507466077805,CS Fullerton,Florida St
0.06336504220962524,CS Fullerton,Georgia St
0.05000000074505806,CS Fullerton,Gonzaga
0.06222384050488472,CS Fullerton,Houston
0.21911583840847015,CS Fullerton,Iona
0.05000000074505806,CS Fullerton,Kansas
0.13768699765205383,CS Fullerton,Kansas St
0.06086709722876549,CS Fullerton,Kentucky
0.17372912168502808,CS Fullerton,Lipscomb
0.839998185634613,CS Fullerton,Long Island
0.11664635688066483,CS Fullerton,Loyola-Chicago
0.07158921658992767,CS Fullerton,Marshall
0.08562324196100235,CS Fullerton,Miami FL
0.05000000074505806,CS Fullerton,Michigan
0.05000000074505806,CS Fullerton,Michigan St
0.06839882582426071,CS Fullerton,Missouri
0.11746668815612793,CS Fullerton,Montana
0.11388229578733444,CS Fullerton,Murray St
0.8902173638343811,CS Fullerton,NC Central
0.1749599277973175,CS Fullerton,NC State
0.08019696176052094,CS Fullerton,Nevada
0.15285804867744446,CS Fullerton,New Mexico St
0.05000000074505806,CS Fullerton,North Carolina
0.05000000074505806,CS Fullerton,Ohio St
0.07338662445545197,CS Fullerton,Oklahoma
0.07319179177284241,CS Fullerton,Penn
0.13799771666526794,CS Fullerton,Providence
0.05000000074505806,CS Fullerton,Purdue
0.4846462905406952,CS Fullerton,Radford
0.1127457395195961,CS Fullerton,Rhode Island
0.06772205233573914,CS Fullerton,S Dakota St
0.1105203852057457,CS Fullerton,San Diego St
0.16528236865997314,CS Fullerton,Seton Hall
0.16475746035575867,CS Fullerton,SF Austin
0.09932906925678253,CS Fullerton,St Bonaventure
0.1293438971042633,CS Fullerton,Syracuse
0.09113279730081558,CS Fullerton,TCU
0.06692303717136383,CS Fullerton,Tennessee
0.1543995589017868,CS Fullerton,Texas
0.10656961053609848,CS Fullerton,Texas A&M
0.06331373751163483,CS Fullerton,Texas Tech
0.7529881596565247,CS Fullerton,TX Southern
0.07764963060617447,CS Fullerton,UCLA
0.28466933965682983,CS Fullerton,UMBC
0.0748225599527359,CS Fullerton,UNC Greensboro
0.05000000074505806,CS Fullerton,Villanova
0.05000000074505806,CS Fullerton,Virginia
0.198378786444664,CS Fullerton,Virginia Tech
0.05000000074505806,CS Fullerton,West Virginia
0.05000000074505806,CS Fullerton,Wichita St
0.22962939739227295,CS Fullerton,Wright St
0.05000000074505806,CS Fullerton,Xavier
0.1396799087524414,Davidson,Duke
0.23105426132678986,Davidson,Florida
0.43944019079208374,Davidson,Florida St
0.8172763586044312,Davidson,Georgia St
0.1306983232498169,Davidson,Gonzaga
0.14142344892024994,Davidson,Houston
0.8125403523445129,Davidson,Iona
0.14811959862709045,Davidson,Kansas
0.35650235414505005,Davidson,Kansas St
0.20980247855186462,Davidson,Kentucky
0.9468948841094971,Davidson,Lipscomb
0.949999988079071,Davidson,Long Island
0.42340463399887085,Davidson,Loyola-Chicago
0.8174880743026733,Davidson,Marshall
0.22853735089302063,Davidson,Miami FL
0.17299489676952362,Davidson,Michigan
0.13151346147060394,Davidson,Michigan St
0.6092543005943298,Davidson,Missouri
0.7236611247062683,Davidson,Montana
0.3817114531993866,Davidson,Murray St
0.949999988079071,Davidson,NC Central
0.3800458610057831,Davidson,NC State
0.23862150311470032,Davidson,Nevada
0.37188881635665894,Davidson,New Mexico St
0.14144547283649445,Davidson,North Carolina
0.17586052417755127,Davidson,Ohio St
0.4206717312335968,Davidson,Oklahoma
0.8821313977241516,Davidson,Penn
0.3434876501560211,Davidson,Providence
0.14325429499149323,Davidson,Purdue
0.9302295446395874,Davidson,Radford
0.3130995035171509,Davidson,Rhode Island
0.4877657890319824,Davidson,S Dakota St
0.371536523103714,Davidson,San Diego St
0.3332110047340393,Davidson,Seton Hall
0.9082724452018738,Davidson,SF Austin
0.44429200887680054,Davidson,St Bonaventure
0.30874913930892944,Davidson,Syracuse
0.22024571895599365,Davidson,TCU
0.16810309886932373,Davidson,Tennessee
0.17837071418762207,Davidson,Texas
0.36193597316741943,Davidson,Texas A&M
0.21204622089862823,Davidson,Texas Tech
0.9333709478378296,Davidson,TX Southern
0.39341381192207336,Davidson,UCLA
0.949999988079071,Davidson,UMBC
0.7210720777511597,Davidson,UNC Greensboro
0.14953596889972687,Davidson,Villanova
0.10535935312509537,Davidson,Virginia
0.27179327607154846,Davidson,Virginia Tech
0.12488751113414764,Davidson,West Virginia
0.12542517483234406,Davidson,Wichita St
0.9121382236480713,Davidson,Wright St
0.16698519885540009,Davidson,Xavier
0.7548384666442871,Duke,Florida
0.7531206011772156,Duke,Florida St
0.8186201453208923,Duke,Georgia St
0.5019746422767639,Duke,Gonzaga
0.5671979188919067,Duke,Houston
0.9311058521270752,Duke,Iona
0.5309246182441711,Duke,Kansas
0.8646931648254395,Duke,Kansas St
0.6589175462722778,Duke,Kentucky
0.949999988079071,Duke,Lipscomb
0.949999988079071,Duke,Long Island
0.8316537737846375,Duke,Loyola-Chicago
0.8937759399414062,Duke,Marshall
0.8790289759635925,Duke,Miami FL
0.5218788981437683,Duke,Michigan
0.4161265194416046,Duke,Michigan St
0.8986847400665283,Duke,Missouri
0.845659077167511,Duke,Montana
0.7862086892127991,Duke,Murray St
0.949999988079071,Duke,NC Central
0.8051530718803406,Duke,NC State
0.6665691137313843,Duke,Nevada
0.8914067149162292,Duke,New Mexico St
0.5558009147644043,Duke,North Carolina
0.6645108461380005,Duke,Ohio St
0.865507185459137,Duke,Oklahoma
0.949999988079071,Duke,Penn
0.9440200924873352,Duke,Providence
0.48378702998161316,Duke,Purdue
0.949999988079071,Duke,Radford
0.7295035719871521,Duke,Rhode Island
0.8449607491493225,Duke,S Dakota St
0.8607934713363647,Duke,San Diego St
0.7488974928855896,Duke,Seton Hall
0.9175226092338562,Duke,SF Austin
0.8980435729026794,Duke,St Bonaventure
0.9174975156784058,Duke,Syracuse
0.7173623442649841,Duke,TCU
0.6516467332839966,Duke,Tennessee
0.909200131893158,Duke,Texas
0.8629207611083984,Duke,Texas A&M
0.6140860915184021,Duke,Texas Tech
0.949999988079071,Duke,TX Southern
0.8501080870628357,Duke,UCLA
0.949999988079071,Duke,UMBC
0.8659722208976746,Duke,UNC Greensboro
0.42856481671333313,Duke,Villanova
0.33689260482788086,Duke,Virginia
0.7477640509605408,Duke,Virginia Tech
0.6334952116012573,Duke,West Virginia
0.5763992667198181,Duke,Wichita St
0.9442269802093506,Duke,Wright St
0.49156662821769714,Duke,Xavier
0.5026097297668457,Florida,Florida St
0.8444930911064148,Florida,Georgia St
0.22685730457305908,Florida,Gonzaga
0.32550472021102905,Florida,Houston
0.8902219533920288,Florida,Iona
0.5375372767448425,Florida,Kansas
0.44631820917129517,Florida,Kansas St
0.3949856162071228,Florida,Kentucky
0.949999988079071,Florida,Lipscomb
0.949999988079071,Florida,Long Island
0.4982350468635559,Florida,Loyola-Chicago
0.8260179758071899,Florida,Marshall
0.52457594871521,Florida,Miami FL
0.45473361015319824,Florida,Michigan
0.7431449890136719,Florida,Michigan St
0.6456093788146973,Florida,Missouri
0.7319445013999939,Florida,Montana
0.6550059914588928,Florida,Murray St
0.949999988079071,Florida,NC Central
0.561477541923523,Florida,NC State
0.5137633681297302,Florida,Nevada
0.5865892767906189,Florida,New Mexico St
0.31312400102615356,Florida,North Carolina
0.3249114453792572,Florida,Ohio St
0.4988344609737396,Florida,Oklahoma
0.8245774507522583,Florida,Penn
0.7512094974517822,Florida,Providence
0.5836536288261414,Florida,Purdue
0.930854320526123,Florida,Radford
0.4416290521621704,Florida,Rhode Island
0.8105633854866028,Florida,S Dakota St
0.596416711807251,Florida,San Diego St
0.4128328263759613,Florida,Seton Hall
0.8738182783126831,Florida,SF Austin
0.6412742137908936,Florida,St Bonaventure
0.7141135334968567,Florida,Syracuse
0.450725257396698,Florida,TCU
0.2910720407962799,Florida,Tennessee
0.5915054678916931,Florida,Texas
0.46910232305526733,Florida,Texas A&M
0.3140484094619751,Florida,Texas Tech
0.949999988079071,Florida,TX Southern
0.5566951632499695,Florida,UCLA
0.9371908903121948,Florida,UMBC
0.7878395915031433,Florida,UNC Greensboro
0.4231714904308319,Florida,Villanova
0.1901990920305252,Florida,Virginia
0.6223583817481995,Florida,Virginia Tech
0.2959630787372589,Florida,West Virginia
0.245008647441864,Florida,Wichita St
0.8186125159263611,Florida,Wright St
0.5672818422317505,Florida,Xavier
0.7849414348602295,Florida St,Georgia St
0.23124314844608307,Florida St,Gonzaga
0.25475645065307617,Florida St,Houston
0.8202652931213379,Florida St,Iona
0.2528126537799835,Florida St,Kansas
0.39419135451316833,Florida St,Kansas St
0.2677743136882782,Florida St,Kentucky
0.8523046970367432,Florida St,Lipscomb
0.949999988079071,Florida St,Long Island
0.44064971804618835,Florida St,Loyola-Chicago
0.8021273016929626,Florida St,Marshall
0.40574368834495544,Florida St,Miami FL
0.18461985886096954,Florida St,Michigan
0.34479960799217224,Florida St,Michigan St
0.5145676732063293,Florida St,Missouri
0.70918869972229,Florida St,Montana
0.5260207653045654,Florida St,Murray St
0.9385947585105896,Florida St,NC Central
0.47432777285575867,Florida St,NC State
0.4684857726097107,Florida St,Nevada
0.5024245381355286,Florida St,New Mexico St
0.2088717371225357,Florida St,North Carolina
0.19350874423980713,Florida St,Ohio St
0.5416768789291382,Florida St,Oklahoma
0.8135092258453369,Florida St,Penn
0.666217029094696,Florida St,Providence
0.2477361559867859,Florida St,Purdue
0.9247429966926575,Florida St,Radford
0.3949168920516968,Florida St,Rhode Island
0.5667271018028259,Florida St,S Dakota St
0.48431992530822754,Florida St,San Diego St
0.38651081919670105,Florida St,Seton Hall
0.7783536911010742,Florida St,SF Austin
0.6222068071365356,Florida St,St Bonaventure
0.6123455166816711,Florida St,Syracuse
0.3223220407962799,Florida St,TCU
0.2849927544593811,Florida St,Tennessee
0.5597420930862427,Florida St,Texas
0.4004381000995636,Florida St,Texas A&M
0.16421574354171753,Florida St,Texas Tech
0.949999988079071,Florida St,TX Southern
0.5486602187156677,Florida St,UCLA
0.949999988079071,Florida St,UMBC
0.6708076596260071,Florida St,UNC Greensboro
0.1352405995130539,Florida St,Villanova
0.06991598010063171,Florida St,Virginia
0.4049745202064514,Florida St,Virginia Tech
0.28691548109054565,Florida St,West Virginia
0.3203221261501312,Florida St,Wichita St
0.8046003580093384,Florida St,Wright St
0.2805710732936859,Florida St,Xavier
0.06639568507671356,Georgia St,Gonzaga
0.10073717683553696,Georgia St,Houston
0.518664538860321,Georgia St,Iona
0.22703619301319122,Georgia St,Kansas
0.14452001452445984,Georgia St,Kansas St
0.15180642902851105,Georgia St,Kentucky
0.6552464365959167,Georgia St,Lipscomb
0.9068590998649597,Georgia St,Long Island
0.12765106558799744,Georgia St,Loyola-Chicago
0.45938625931739807,Georgia St,Marshall
0.1737770438194275,Georgia St,Miami FL
0.14298807084560394,Georgia St,Michigan
0.35794126987457275,Georgia St,Michigan St
0.268993616104126,Georgia St,Missouri
0.25601866841316223,Georgia St,Montana
0.1662299782037735,Georgia St,Murray St
0.9302330613136292,Georgia St,NC Central
0.14805763959884644,Georgia St,NC State
0.1530711054801941,Georgia St,Nevada
0.13640834391117096,Georgia St,New Mexico St
0.12723806500434875,Georgia St,North Carolina
0.13658027350902557,Georgia St,Ohio St
0.1501321792602539,Georgia St,Oklahoma
0.5093138217926025,Georgia St,Penn
0.20350219309329987,Georgia St,Providence
0.14152248203754425,Georgia St,Purdue
0.8637117147445679,Georgia St,Radford
0.13075898587703705,Georgia St,Rhode Island
0.16763333976268768,Georgia St,S Dakota St
0.10472018271684647,Georgia St,San Diego St
0.11256770044565201,Georgia St,Seton Hall
0.3264974057674408,Georgia St,SF Austin
0.17060431838035583,Georgia St,St Bonaventure
0.20609420537948608,Georgia St,Syracuse
0.10753104835748672,Georgia St,TCU
0.13404636085033417,Georgia St,Tennessee
0.21361230313777924,Georgia St,Texas
0.11119508743286133,Georgia St,Texas A&M
0.12136916071176529,Georgia St,Texas Tech
0.9228637218475342,Georgia St,TX Southern
0.14309130609035492,Georgia St,UCLA
0.8433769345283508,Georgia St,UMBC
0.2550204396247864,Georgia St,UNC Greensboro
0.11519580334424973,Georgia St,Villanova
0.13884660601615906,Georgia St,Virginia
0.22102774679660797,Georgia St,Virginia Tech
0.10307180881500244,Georgia St,West Virginia
0.09016797691583633,Georgia St,Wichita St
0.5247895121574402,Georgia St,Wright St
0.2239660769701004,Georgia St,Xavier
0.7001636028289795,Gonzaga,Houston
0.949999988079071,Gonzaga,Iona
0.5193741917610168,Gonzaga,Kansas
0.8619117736816406,Gonzaga,Kansas St
0.8401178121566772,Gonzaga,Kentucky
0.949999988079071,Gonzaga,Lipscomb
0.949999988079071,Gonzaga,Long Island
0.787653923034668,Gonzaga,Loyola-Chicago
0.8979856967926025,Gonzaga,Marshall
0.8777964115142822,Gonzaga,Miami FL
0.7115387916564941,Gonzaga,Michigan
0.4674193561077118,Gonzaga,Michigan St
0.8744184970855713,Gonzaga,Missouri
0.8556658029556274,Gonzaga,Montana
0.8215175867080688,Gonzaga,Murray St
0.949999988079071,Gonzaga,NC Central
0.7857909798622131,Gonzaga,NC State
0.7138064503669739,Gonzaga,Nevada
0.8740392327308655,Gonzaga,New Mexico St
0.5740877985954285,Gonzaga,North Carolina
0.7114890813827515,Gonzaga,Ohio St
0.7420762181282043,Gonzaga,Oklahoma
0.9193618893623352,Gonzaga,Penn
0.9223216772079468,Gonzaga,Providence
0.37340065836906433,Gonzaga,Purdue
0.949999988079071,Gonzaga,Radford
0.8278418183326721,Gonzaga,Rhode Island
0.8753939867019653,Gonzaga,S Dakota St
0.9065870046615601,Gonzaga,San Diego St
0.7721988558769226,Gonzaga,Seton Hall
0.9150334000587463,Gonzaga,SF Austin
0.8554161787033081,Gonzaga,St Bonaventure
0.8892901539802551,Gonzaga,Syracuse
0.6341302394866943,Gonzaga,TCU
0.5639833807945251,Gonzaga,Tennessee
0.8930455446243286,Gonzaga,Texas
0.8290835022926331,Gonzaga,Texas A&M
0.6003502011299133,Gonzaga,Texas Tech
0.949999988079071,Gonzaga,TX Southern
0.7887477874755859,Gonzaga,UCLA
0.949999988079071,Gonzaga,UMBC
0.8976601362228394,Gonzaga,UNC Greensboro
0.4406316578388214,Gonzaga,Villanova
0.38552695512771606,Gonzaga,Virginia
0.7804885506629944,Gonzaga,Virginia Tech
0.6648851633071899,Gonzaga,West Virginia
0.5383415818214417,Gonzaga,Wichita St
0.949999988079071,Gonzaga,Wright St
0.6112632155418396,Gonzaga,Xavier
0.92929607629776,Houston,Iona
0.38253888487815857,Houston,Kansas
0.77287358045578,Houston,Kansas St
0.492277055978775,Houston,Kentucky
0.9316637516021729,Houston,Lipscomb
0.949999988079071,Houston,Long Island
0.6452104449272156,Houston,Loyola-Chicago
0.8697624206542969,Houston,Marshall
0.6345163583755493,Houston,Miami FL
0.500907838344574,Houston,Michigan
0.3990883231163025,Houston,Michigan St
0.7154312133789062,Houston,Missouri
0.777674674987793,Houston,Montana
0.7996596693992615,Houston,Murray St
0.949999988079071,Houston,NC Central
0.6327348947525024,Houston,NC State
0.5921353697776794,Houston,Nevada
0.6388080716133118,Houston,New Mexico St
0.3165418803691864,Houston,North Carolina
0.5497556328773499,Houston,Ohio St
0.6430860757827759,Houston,Oklahoma
0.8445048928260803,Houston,Penn
0.7629079818725586,Houston,Providence
0.5495044589042664,Houston,Purdue
0.9394873380661011,Houston,Radford
0.5596544742584229,Houston,Rhode Island
0.8120085000991821,Houston,S Dakota St
0.6398645043373108,Houston,San Diego St
0.5588408708572388,Houston,Seton Hall
0.7865766286849976,Houston,SF Austin
0.6887305974960327,Houston,St Bonaventure
0.6977612972259521,Houston,Syracuse
0.44931140542030334,Houston,TCU
0.457518607378006,Houston,Tennessee
0.7743216156959534,Houston,Texas
0.700309693813324,Houston,Texas A&M
0.3178774416446686,Houston,Texas Tech
0.949999988079071,Houston,TX Southern
0.6921781301498413,Houston,UCLA
0.9373353719711304,Houston,UMBC
0.819516122341156,Houston,UNC Greensboro
0.2897823750972748,Houston,Villanova
0.13882511854171753,Houston,Virginia
0.6826895475387573,Houston,Virginia Tech
0.40182334184646606,Houston,West Virginia
0.48108819127082825,Houston,Wichita St
0.9073305130004883,Houston,Wright St
0.3681960999965668,Houston,Xavier
0.06735602021217346,Iona,Kansas
0.1202719435095787,Iona,Kansas St
0.13236337900161743,Iona,Kentucky
0.5722213387489319,Iona,Lipscomb
0.9159581065177917,Iona,Long Island
0.1357693076133728,Iona,Loyola-Chicago
0.1919030249118805,Iona,Marshall
0.13172964751720428,Iona,Miami FL
0.08002283424139023,Iona,Michigan
0.05000000074505806,Iona,Michigan St
0.11887344717979431,Iona,Missouri
0.12716044485569,Iona,Montana
0.1004781574010849,Iona,Murray St
0.9343319535255432,Iona,NC Central
0.11962515860795975,Iona,NC State
0.1248968169093132,Iona,Nevada
0.09014513343572617,Iona,New Mexico St
0.05000000074505806,Iona,North Carolina
0.12007224559783936,Iona,Ohio St
0.1501634418964386,Iona,Oklahoma
0.26655182242393494,Iona,Penn
0.14605948328971863,Iona,Providence
0.05000000074505806,Iona,Purdue
0.6725021004676819,Iona,Radford
0.11975625902414322,Iona,Rhode Island
0.13763375580310822,Iona,S Dakota St
0.12400437146425247,Iona,San Diego St
0.12844011187553406,Iona,Seton Hall
0.15390785038471222,Iona,SF Austin
0.13205154240131378,Iona,St Bonaventure
0.12962235510349274,Iona,Syracuse
0.11391717940568924,Iona,TCU
0.06192109361290932,Iona,Tennessee
0.14457859098911285,Iona,Texas
0.1337260901927948,Iona,Texas A&M
0.11846945434808731,Iona,Texas Tech
0.8712638020515442,Iona,TX Southern
0.13535916805267334,Iona,UCLA
0.6487811803817749,Iona,UMBC
0.16976697742938995,Iona,UNC Greensboro
0.05000000074505806,Iona,Villanova
0.05000000074505806,Iona,Virginia
0.1284259706735611,Iona,Virginia Tech
0.12018361687660217,Iona,West Virginia
0.08962976932525635,Iona,Wichita St
0.35908451676368713,Iona,Wright St
0.06295787543058395,Iona,Xavier
0.7252618074417114,Kansas,Kansas St
0.662699282169342,Kansas,Kentucky
0.949999988079071,Kansas,Lipscomb
0.949999988079071,Kansas,Long Island
0.6818624138832092,Kansas,Loyola-Chicago
0.84206223487854,Kansas,Marshall
0.579030454158783,Kansas,Miami FL
0.5967070460319519,Kansas,Michigan
0.3845692574977875,Kansas,Michigan St
0.7044243216514587,Kansas,Missouri
0.7616309523582458,Kansas,Montana
0.747639536857605,Kansas,Murray St
0.949999988079071,Kansas,NC Central
0.6700441837310791,Kansas,NC State
0.5959793925285339,Kansas,Nevada
0.7795467972755432,Kansas,New Mexico St
0.4455704689025879,Kansas,North Carolina
0.5591738820075989,Kansas,Ohio St
0.775076687335968,Kansas,Oklahoma
0.8846212029457092,Kansas,Penn
0.9051172137260437,Kansas,Providence
0.5243824124336243,Kansas,Purdue
0.9310698509216309,Kansas,Radford
0.6804988980293274,Kansas,Rhode Island
0.804376482963562,Kansas,S Dakota St
0.6962716579437256,Kansas,San Diego St
0.7079364061355591,Kansas,Seton Hall
0.8130558133125305,Kansas,SF Austin
0.8004164099693298,Kansas,St Bonaventure
0.8633740544319153,Kansas,Syracuse
0.4732172191143036,Kansas,TCU
0.5184022784233093,Kansas,Tennessee
0.8143018484115601,Kansas,Texas
0.8009399771690369,Kansas,Texas A&M
0.5662391781806946,Kansas,Texas Tech
0.9398101568222046,Kansas,TX Southern
0.7327801585197449,Kansas,UCLA
0.949999988079071,Kansas,UMBC
0.7978600263595581,Kansas,UNC Greensboro
0.4047662913799286,Kansas,Villanova
0.32101234793663025,Kansas,Virginia
0.7578575611114502,Kansas,Virginia Tech
0.4677887260913849,Kansas,West Virginia
0.5086265802383423,Kansas,Wichita St
0.9386386275291443,Kansas,Wright St
0.4857272803783417,Kansas,Xavier
0.23065705597400665,Kansas St,Kentucky
0.8955857753753662,Kansas St,Lipscomb
0.901861310005188,Kansas St,Long Island
0.49915099143981934,Kansas St,Loyola-Chicago
0.8085170984268188,Kansas St,Marshall
0.3425790071487427,Kansas St,Miami FL
0.25843164324760437,Kansas St,Michigan
0.3527798354625702,Kansas St,Michigan St
0.5160471796989441,Kansas St,Missouri
0.6704710721969604,Kansas St,Montana
0.6138401627540588,Kansas St,Murray St
0.9456214904785156,Kansas St,NC Central
0.43588685989379883,Kansas St,NC State
0.32420873641967773,Kansas St,Nevada
0.40605655312538147,Kansas St,New Mexico St
0.46981480717658997,Kansas St,North Carolina
0.22872698307037354,Kansas St,Ohio St
0.48001423478126526,Kansas St,Oklahoma
0.7683031558990479,Kansas St,Penn
0.5147939324378967,Kansas St,Providence
0.21886493265628815,Kansas St,Purdue
0.888718843460083,Kansas St,Radford
0.263030081987381,Kansas St,Rhode Island
0.5357415676116943,Kansas St,S Dakota St
0.4512979984283447,Kansas St,San Diego St
0.33089056611061096,Kansas St,Seton Hall
0.7332131862640381,Kansas St,SF Austin
0.46847373247146606,Kansas St,St Bonaventure
0.5303694605827332,Kansas St,Syracuse
0.28993919491767883,Kansas St,TCU
0.2558223009109497,Kansas St,Tennessee
0.46541038155555725,Kansas St,Texas
0.3572317659854889,Kansas St,Texas A&M
0.2407749742269516,Kansas St,Texas Tech
0.9049870371818542,Kansas St,TX Southern
0.5308789014816284,Kansas St,UCLA
0.9042680263519287,Kansas St,UMBC
0.7336107492446899,Kansas St,UNC Greensboro
0.07754553854465485,Kansas St,Villanova
0.12414596229791641,Kansas St,Virginia
0.45779719948768616,Kansas St,Virginia Tech
0.1933642029762268,Kansas St,West Virginia
0.38843801617622375,Kansas St,Wichita St
0.7856111526489258,Kansas St,Wright St
0.26116350293159485,Kansas St,Xavier
0.903401255607605,Kentucky,Lipscomb
0.949999988079071,Kentucky,Long Island
0.5993385910987854,Kentucky,Loyola-Chicago
0.6652275323867798,Kentucky,Marshall
0.5491428375244141,Kentucky,Miami FL
0.21936534345149994,Kentucky,Michigan
0.4395177364349365,Kentucky,Michigan St
0.40631890296936035,Kentucky,Missouri
0.738355278968811,Kentucky,Montana
0.8164634704589844,Kentucky,Murray St
0.9412410855293274,Kentucky,NC Central
0.5804603099822998,Kentucky,NC State
0.37348422408103943,Kentucky,Nevada
0.676842451095581,Kentucky,New Mexico St
0.38385066390037537,Kentucky,North Carolina
0.46907755732536316,Kentucky,Ohio St
0.3483656942844391,Kentucky,Oklahoma
0.7487244009971619,Kentucky,Penn
0.7544260025024414,Kentucky,Providence
0.44627106189727783,Kentucky,Purdue
0.9329886436462402,Kentucky,Radford
0.5637733936309814,Kentucky,Rhode Island
0.625342607498169,Kentucky,S Dakota St
0.6774548292160034,Kentucky,San Diego St
0.4974513649940491,Kentucky,Seton Hall
0.778712272644043,Kentucky,SF Austin
0.7076131105422974,Kentucky,St Bonaventure
0.7589917778968811,Kentucky,Syracuse
0.5139889121055603,Kentucky,TCU
0.4092332124710083,Kentucky,Tennessee
0.7491130232810974,Kentucky,Texas
0.5751456022262573,Kentucky,Texas A&M
0.48346829414367676,Kentucky,Texas Tech
0.9413000345230103,Kentucky,TX Southern
0.38088151812553406,Kentucky,UCLA
0.917732298374176,Kentucky,UMBC
0.7113847732543945,Kentucky,UNC Greensboro
0.16858428716659546,Kentucky,Villanova
0.3407941162586212,Kentucky,Virginia
0.6705350279808044,Kentucky,Virginia Tech
0.17017388343811035,Kentucky,West Virginia
0.19829362630844116,Kentucky,Wichita St
0.8878031969070435,Kentucky,Wright St
0.4634034335613251,Kentucky,Xavier
0.8088319301605225,Lipscomb,Long Island
0.12018588185310364,Lipscomb,Loyola-Chicago
0.1925733983516693,Lipscomb,Marshall
0.09675387293100357,Lipscomb,Miami FL
0.07608669251203537,Lipscomb,Michigan
0.05000000074505806,Lipscomb,Michigan St
0.1544252336025238,Lipscomb,Missouri
0.09584781527519226,Lipscomb,Montana
0.14831534028053284,Lipscomb,Murray St
0.9156515598297119,Lipscomb,NC Central
0.17435267567634583,Lipscomb,NC State
0.11430853605270386,Lipscomb,Nevada
0.09360377490520477,Lipscomb,New Mexico St
0.0551140159368515,Lipscomb,North Carolina
0.05767488479614258,Lipscomb,Ohio St
0.14025822281837463,Lipscomb,Oklahoma
0.19028156995773315,Lipscomb,Penn
0.15085430443286896,Lipscomb,Providence
0.05000000074505806,Lipscomb,Purdue
0.5957764387130737,Lipscomb,Radford
0.09288176894187927,Lipscomb,Rhode Island
0.14401932060718536,Lipscomb,S Dakota St
0.10516507178544998,Lipscomb,San Diego St
0.10503232479095459,Lipscomb,Seton Hall
0.12458149343729019,Lipscomb,SF Austin
0.14387133717536926,Lipscomb,St Bonaventure
0.09266400337219238,Lipscomb,Syracuse
0.1279991865158081,Lipscomb,TCU
0.05000000074505806,Lipscomb,Tennessee
0.11599540710449219,Lipscomb,Texas
0.09196076542139053,Lipscomb,Texas A&M
0.05000000074505806,Lipscomb,Texas Tech
0.8409716486930847,Lipscomb,TX Southern
0.15931618213653564,Lipscomb,UCLA
0.7024800777435303,Lipscomb,UMBC
0.16169747710227966,Lipscomb,UNC Greensboro
0.05000000074505806,Lipscomb,Villanova
0.05000000074505806,Lipscomb,Virginia
0.21235588192939758,Lipscomb,Virginia Tech
0.05000000074505806,Lipscomb,West Virginia
0.05625992640852928,Lipscomb,Wichita St
0.1721254587173462,Lipscomb,Wright St
0.05789325758814812,Lipscomb,Xavier
0.05000000074505806,Long Island,Loyola-Chicago
0.05162782594561577,Long Island,Marshall
0.05000000074505806,Long Island,Miami FL
0.05000000074505806,Long Island,Michigan
0.05000000074505806,Long Island,Michigan St
0.05000000074505806,Long Island,Missouri
0.05000000074505806,Long Island,Montana
0.05000000074505806,Long Island,Murray St
0.717058539390564,Long Island,NC Central
0.07224806398153305,Long Island,NC State
0.05000000074505806,Long Island,Nevada
0.05000000074505806,Long Island,New Mexico St
0.05000000074505806,Long Island,North Carolina
0.05000000074505806,Long Island,Ohio St
0.05000000074505806,Long Island,Oklahoma
0.06097707897424698,Long Island,Penn
0.05000000074505806,Long Island,Providence
0.05000000074505806,Long Island,Purdue
0.20698344707489014,Long Island,Radford
0.05000000074505806,Long Island,Rhode Island
0.05000000074505806,Long Island,S Dakota St
0.05000000074505806,Long Island,San Diego St
0.05000000074505806,Long Island,Seton Hall
0.05000000074505806,Long Island,SF Austin
0.05000000074505806,Long Island,St Bonaventure
0.05000000074505806,Long Island,Syracuse
0.05000000074505806,Long Island,TCU
0.05000000074505806,Long Island,Tennessee
0.05000000074505806,Long Island,Texas
0.05000000074505806,Long Island,Texas A&M
0.05000000074505806,Long Island,Texas Tech
0.4841887056827545,Long Island,TX Southern
0.05000000074505806,Long Island,UCLA
0.16344517469406128,Long Island,UMBC
0.05000000074505806,Long Island,UNC Greensboro
0.05000000074505806,Long Island,Villanova
0.05000000074505806,Long Island,Virginia
0.07829894125461578,Long Island,Virginia Tech
0.05000000074505806,Long Island,West Virginia
0.05000000074505806,Long Island,Wichita St
0.11656956374645233,Long Island,Wright St
0.05000000074505806,Long Island,Xavier
0.742190957069397,Loyola-Chicago,Marshall
0.32051795721054077,Loyola-Chicago,Miami FL
0.22020766139030457,Loyola-Chicago,Michigan
0.28555694222450256,Loyola-Chicago,Michigan St
0.5682422518730164,Loyola-Chicago,Missouri
0.5687421560287476,Loyola-Chicago,Montana
0.5797614455223083,Loyola-Chicago,Murray St
0.9455206394195557,Loyola-Chicago,NC Central
0.42548832297325134,Loyola-Chicago,NC State
0.23091138899326324,Loyola-Chicago,Nevada
0.36600562930107117,Loyola-Chicago,New Mexico St
0.2378695011138916,Loyola-Chicago,North Carolina
0.24289318919181824,Loyola-Chicago,Ohio St
0.5917602181434631,Loyola-Chicago,Oklahoma
0.7695255279541016,Loyola-Chicago,Penn
0.5453045964241028,Loyola-Chicago,Providence
0.22804777324199677,Loyola-Chicago,Purdue
0.9033854007720947,Loyola-Chicago,Radford
0.3558841943740845,Loyola-Chicago,Rhode Island
0.3355916142463684,Loyola-Chicago,S Dakota St
0.4563143253326416,Loyola-Chicago,San Diego St
0.368322491645813,Loyola-Chicago,Seton Hall
0.7868162989616394,Loyola-Chicago,SF Austin
0.45727941393852234,Loyola-Chicago,St Bonaventure
0.6021289825439453,Loyola-Chicago,Syracuse
0.20557580888271332,Loyola-Chicago,TCU
0.24423860013484955,Loyola-Chicago,Tennessee
0.38815730810165405,Loyola-Chicago,Texas
0.38231801986694336,Loyola-Chicago,Texas A&M
0.24909399449825287,Loyola-Chicago,Texas Tech
0.9140264987945557,Loyola-Chicago,TX Southern
0.48768311738967896,Loyola-Chicago,UCLA
0.9182640314102173,Loyola-Chicago,UMBC
0.3222382068634033,Loyola-Chicago,UNC Greensboro
0.1007387712597847,Loyola-Chicago,Villanova
0.13390885293483734,Loyola-Chicago,Virginia
0.4044821262359619,Loyola-Chicago,Virginia Tech
0.22825182974338531,Loyola-Chicago,West Virginia
0.19072838127613068,Loyola-Chicago,Wichita St
0.815618634223938,Loyola-Chicago,Wright St
0.18073952198028564,Loyola-Chicago,Xavier
0.12507349252700806,Marshall,Miami FL
0.062183354049921036,Marshall,Michigan
0.09265358000993729,Marshall,Michigan St
0.15565712749958038,Marshall,Missouri
0.16120325028896332,Marshall,Montana
0.11927817761898041,Marshall,Murray St
0.925674319267273,Marshall,NC Central
0.14901472628116608,Marshall,NC State
0.10295632481575012,Marshall,Nevada
0.1245049238204956,Marshall,New Mexico St
0.14994853734970093,Marshall,North Carolina
0.11127462983131409,Marshall,Ohio St
0.16761396825313568,Marshall,Oklahoma
0.45431163907051086,Marshall,Penn
0.25526463985443115,Marshall,Providence
0.11031357944011688,Marshall,Purdue
0.7507874369621277,Marshall,Radford
0.12697622179985046,Marshall,Rhode Island
0.153397798538208,Marshall,S Dakota St
0.13609769940376282,Marshall,San Diego St
0.14162637293338776,Marshall,Seton Hall
0.3597583770751953,Marshall,SF Austin
0.14553482830524445,Marshall,St Bonaventure
0.13693548738956451,Marshall,Syracuse
0.17382904887199402,Marshall,TCU
0.09794268012046814,Marshall,Tennessee
0.12098506838083267,Marshall,Texas
0.1427992284297943,Marshall,Texas A&M
0.1095447838306427,Marshall,Texas Tech
0.9235474467277527,Marshall,TX Southern
0.15395337343215942,Marshall,UCLA
0.8925511240959167,Marshall,UMBC
0.2099352478981018,Marshall,UNC Greensboro
0.10374186933040619,Marshall,Villanova
0.06204016134142876,Marshall,Virginia
0.14795109629631042,Marshall,Virginia Tech
0.08976233750581741,Marshall,West Virginia
0.12561969459056854,Marshall,Wichita St
0.6084214448928833,Marshall,Wright St
0.1388069987297058,Marshall,Xavier
0.34483498334884644,Miami FL,Michigan
0.7737895250320435,Miami FL,Michigan St
0.5957183241844177,Miami FL,Missouri
0.7125295400619507,Miami FL,Montana
0.6084549427032471,Miami FL,Murray St
0.9325990080833435,Miami FL,NC Central
0.47843044996261597,Miami FL,NC State
0.40665343403816223,Miami FL,Nevada
0.5848885774612427,Miami FL,New Mexico St
0.33598005771636963,Miami FL,North Carolina
0.32973480224609375,Miami FL,Ohio St
0.5256513953208923,Miami FL,Oklahoma
0.7932160496711731,Miami FL,Penn
0.6871532797813416,Miami FL,Providence
0.18180444836616516,Miami FL,Purdue
0.9290479421615601,Miami FL,Radford
0.4139869809150696,Miami FL,Rhode Island
0.5973306894302368,Miami FL,S Dakota St
0.596416711807251,Miami FL,San Diego St
0.32979220151901245,Miami FL,Seton Hall
0.7652632594108582,Miami FL,SF Austin
0.6303496956825256,Miami FL,St Bonaventure
0.507564127445221,Miami FL,Syracuse
0.32856664061546326,Miami FL,TCU
0.26433563232421875,Miami FL,Tennessee
0.5860379934310913,Miami FL,Texas
0.30743715167045593,Miami FL,Texas A&M
0.3052389621734619,Miami FL,Texas Tech
0.9288428425788879,Miami FL,TX Southern
0.5636265277862549,Miami FL,UCLA
0.91380774974823,Miami FL,UMBC
0.7676336765289307,Miami FL,UNC Greensboro
0.28926780819892883,Miami FL,Villanova
0.20682816207408905,Miami FL,Virginia
0.5004380345344543,Miami FL,Virginia Tech
0.29366979002952576,Miami FL,West Virginia
0.3593686819076538,Miami FL,Wichita St
0.8186755180358887,Miami FL,Wright St
0.18658669292926788,Miami FL,Xavier
0.5163708329200745,Michigan,Michigan St
0.68924880027771,Michigan,Missouri
0.7478099465370178,Michigan,Montana
0.8022981286048889,Michigan,Murray St
0.949999988079071,Michigan,NC Central
0.4840717315673828,Michigan,NC State
0.5427283644676208,Michigan,Nevada
0.7223119735717773,Michigan,New Mexico St
0.4086466133594513,Michigan,North Carolina
0.4992105960845947,Michigan,Ohio St
0.6199358701705933,Michigan,Oklahoma
0.8535098433494568,Michigan,Penn
0.8350136280059814,Michigan,Providence
0.3267154097557068,Michigan,Purdue
0.9447984099388123,Michigan,Radford
0.5803865790367126,Michigan,Rhode Island
0.7382664084434509,Michigan,S Dakota St
0.7853554487228394,Michigan,San Diego St
0.6047726273536682,Michigan,Seton Hall
0.8915067911148071,Michigan,SF Austin
0.7550637722015381,Michigan,St Bonaventure
0.8331964612007141,Michigan,Syracuse
0.40833306312561035,Michigan,TCU
0.4557093679904938,Michigan,Tennessee
0.7159029245376587,Michigan,Texas
0.7091299295425415,Michigan,Texas A&M
0.4318128824234009,Michigan,Texas Tech
0.949999988079071,Michigan,TX Southern
0.6124849319458008,Michigan,UCLA
0.9462022185325623,Michigan,UMBC
0.8155447840690613,Michigan,UNC Greensboro
0.3315770924091339,Michigan,Villanova
0.2562769055366516,Michigan,Virginia
0.5971502661705017,Michigan,Virginia Tech
0.4920713007450104,Michigan,West Virginia
0.4946940541267395,Michigan,Wichita St
0.9194215536117554,Michigan,Wright St
0.3594655692577362,Michigan,Xavier
0.9225839972496033,Michigan St,Missouri
0.8437033295631409,Michigan St,Montana
0.8228656053543091,Michigan St,Murray St
0.949999988079071,Michigan St,NC Central
0.7328415513038635,Michigan St,NC State
0.5818175673484802,Michigan St,Nevada
0.8482677340507507,Michigan St,New Mexico St
0.4801465570926666,Michigan St,North Carolina
0.6684892177581787,Michigan St,Ohio St
0.7358003258705139,Michigan St,Oklahoma
0.9157384037971497,Michigan St,Penn
0.9346426129341125,Michigan St,Providence
0.4947032630443573,Michigan St,Purdue
0.949999988079071,Michigan St,Radford
0.7414800524711609,Michigan St,Rhode Island
0.8086007237434387,Michigan St,S Dakota St
0.8282895088195801,Michigan St,San Diego St
0.6989843845367432,Michigan St,Seton Hall
0.9105053544044495,Michigan St,SF Austin
0.8536462783813477,Michigan St,St Bonaventure
0.9246746897697449,Michigan St,Syracuse
0.5165318846702576,Michigan St,TCU
0.6177326440811157,Michigan St,Tennessee
0.8681216239929199,Michigan St,Texas
0.8340635299682617,Michigan St,Texas A&M
0.5536112189292908,Michigan St,Texas Tech
0.949999988079071,Michigan St,TX Southern
0.7675387859344482,Michigan St,UCLA
0.949999988079071,Michigan St,UMBC
0.8984609246253967,Michigan St,UNC Greensboro
0.1697940081357956,Michigan St,Villanova
0.3627389967441559,Michigan St,Virginia
0.74798184633255,Michigan St,Virginia Tech
0.5587283372879028,Michigan St,West Virginia
0.5248463749885559,Michigan St,Wichita St
0.949999988079071,Michigan St,Wright St
0.49435335397720337,Michigan St,Xavier
0.64500492811203,Missouri,Montana
0.6284263134002686,Missouri,Murray St
0.9461652040481567,Missouri,NC Central
0.37543827295303345,Missouri,NC State
0.26306992769241333,Missouri,Nevada
0.364198237657547,Missouri,New Mexico St
0.3031264841556549,Missouri,North Carolina
0.23051141202449799,Missouri,Ohio St
0.47062402963638306,Missouri,Oklahoma
0.6966376304626465,Missouri,Penn
0.551116406917572,Missouri,Providence
0.11263521760702133,Missouri,Purdue
0.9126250743865967,Missouri,Radford
0.2283121794462204,Missouri,Rhode Island
0.5209506750106812,Missouri,S Dakota St
0.4688261151313782,Missouri,San Diego St
0.2851770222187042,Missouri,Seton Hall
0.7297660112380981,Missouri,SF Austin
0.44527357816696167,Missouri,St Bonaventure
0.508030891418457,Missouri,Syracuse
0.19000719487667084,Missouri,TCU
0.18548612296581268,Missouri,Tennessee
0.4121466875076294,Missouri,Texas
0.30470266938209534,Missouri,Texas A&M
0.23053793609142303,Missouri,Texas Tech
0.924809455871582,Missouri,TX Southern
0.4651651680469513,Missouri,UCLA
0.9193089604377747,Missouri,UMBC
0.6192522048950195,Missouri,UNC Greensboro
0.09081628173589706,Missouri,Villanova
0.09264939278364182,Missouri,Virginia
0.3430563807487488,Missouri,Virginia Tech
0.23830392956733704,Missouri,West Virginia
0.19469192624092102,Missouri,Wichita St
0.7829996347427368,Missouri,Wright St
0.15172241628170013,Missouri,Xavier
0.5059106349945068,Montana,Murray St
0.949999988079071,Montana,NC Central
0.2846701145172119,Montana,NC State
0.15244846045970917,Montana,Nevada
0.27669042348861694,Montana,New Mexico St
0.15959057211875916,Montana,North Carolina
0.22256909310817719,Montana,Ohio St
0.14580902457237244,Montana,Oklahoma
0.4764728248119354,Montana,Penn
0.3922862708568573,Montana,Providence
0.26781177520751953,Montana,Purdue
0.8296785950660706,Montana,Radford
0.19438157975673676,Montana,Rhode Island
0.2887064516544342,Montana,S Dakota St
0.23966552317142487,Montana,San Diego St
0.18948793411254883,Montana,Seton Hall
0.6508995294570923,Montana,SF Austin
0.34706223011016846,Montana,St Bonaventure
0.3092227876186371,Montana,Syracuse
0.396856427192688,Montana,TCU
0.21491050720214844,Montana,Tennessee
0.21575716137886047,Montana,Texas
0.21567703783512115,Montana,Texas A&M
0.20864269137382507,Montana,Texas Tech
0.9426889419555664,Montana,TX Southern
0.1619180142879486,Montana,UCLA
0.8137415647506714,Montana,UMBC
0.24824200570583344,Montana,UNC Greensboro
0.1121458113193512,Montana,Villanova
0.12478335201740265,Montana,Virginia
0.3436042368412018,Montana,Virginia Tech
0.08019931614398956,Montana,West Virginia
0.2181677669286728,Montana,Wichita St
0.7894824743270874,Montana,Wright St
0.30719709396362305,Montana,Xavier
0.949999988079071,Murray St,NC Central
0.31126612424850464,Murray St,NC State
0.18696396052837372,Murray St,Nevada
0.39073804020881653,Murray St,New Mexico St
0.19991663098335266,Murray St,North Carolina
0.19503694772720337,Murray St,Ohio St
0.3547118008136749,Murray St,Oklahoma
0.8169407844543457,Murray St,Penn
0.37386971712112427,Murray St,Providence
0.15821002423763275,Murray St,Purdue
0.9203941822052002,Murray St,Radford
0.3023100793361664,Murray St,Rhode Island
0.45815953612327576,Murray St,S Dakota St
0.4478072226047516,Murray St,San Diego St
0.2344689816236496,Murray St,Seton Hall
0.7010370492935181,Murray St,SF Austin
0.46690818667411804,Murray St,St Bonaventure
0.40331414341926575,Murray St,Syracuse
0.13311314582824707,Murray St,TCU
0.2072649896144867,Murray St,Tennessee
0.25999367237091064,Murray St,Texas
0.3559039533138275,Murray St,Texas A&M
0.195512056350708,Murray St,Texas Tech
0.949999988079071,Murray St,TX Southern
0.3586559295654297,Murray St,UCLA
0.899907648563385,Murray St,UMBC
0.6163542866706848,Murray St,UNC Greensboro
0.12275592982769012,Murray St,Villanova
0.09927450120449066,Murray St,Virginia
0.24761371314525604,Murray St,Virginia Tech
0.15194131433963776,Murray St,West Virginia
0.20229265093803406,Murray St,Wichita St
0.8907286524772644,Murray St,Wright St
0.16265076398849487,Murray St,Xavier
0.05000000074505806,NC Central,NC State
0.05000000074505806,NC Central,Nevada
0.05000000074505806,NC Central,New Mexico St
0.05000000074505806,NC Central,North Carolina
0.05000000074505806,NC Central,Ohio St
0.05000000074505806,NC Central,Oklahoma
0.05000000074505806,NC Central,Penn
0.05000000074505806,NC Central,Providence
0.05000000074505806,NC Central,Purdue
0.08010230958461761,NC Central,Radford
0.05000000074505806,NC Central,Rhode Island
0.05000000074505806,NC Central,S Dakota St
0.05000000074505806,NC Central,San Diego St
0.05000000074505806,NC Central,Seton Hall
0.05000000074505806,NC Central,SF Austin
0.05000000074505806,NC Central,St Bonaventure
0.05000000074505806,NC Central,Syracuse
0.05000000074505806,NC Central,TCU
0.05000000074505806,NC Central,Tennessee
0.05000000074505806,NC Central,Texas
0.05000000074505806,NC Central,Texas A&M
0.05000000074505806,NC Central,Texas Tech
0.16898536682128906,NC Central,TX Southern
0.05000000074505806,NC Central,UCLA
0.08638400584459305,NC Central,UMBC
0.05000000074505806,NC Central,UNC Greensboro
0.05000000074505806,NC Central,Villanova
0.05000000074505806,NC Central,Virginia
0.05000000074505806,NC Central,Virginia Tech
0.05000000074505806,NC Central,West Virginia
0.05000000074505806,NC Central,Wichita St
0.05000000074505806,NC Central,Wright St
0.05000000074505806,NC Central,Xavier
0.3820989429950714,NC State,Nevada
0.4942837357521057,NC State,New Mexico St
0.2836656868457794,NC State,North Carolina
0.2047070562839508,NC State,Ohio St
0.5075677037239075,NC State,Oklahoma
0.8331705927848816,NC State,Penn
0.7012088894844055,NC State,Providence
0.20222005248069763,NC State,Purdue
0.9023937582969666,NC State,Radford
0.3232966661453247,NC State,Rhode Island
0.6397020220756531,NC State,S Dakota St
0.536297082901001,NC State,San Diego St
0.3880208134651184,NC State,Seton Hall
0.8290302157402039,NC State,SF Austin
0.45831695199012756,NC State,St Bonaventure
0.6027014851570129,NC State,Syracuse
0.2917429506778717,NC State,TCU
0.2022988498210907,NC State,Tennessee
0.4462749660015106,NC State,Texas
0.37967947125434875,NC State,Texas A&M
0.21891428530216217,NC State,Texas Tech
0.949999988079071,NC State,TX Southern
0.5136978030204773,NC State,UCLA
0.9382388591766357,NC State,UMBC
0.7515448927879333,NC State,UNC Greensboro
0.18771925568580627,NC State,Villanova
0.07851603627204895,NC State,Virginia
0.42030879855155945,NC State,Virginia Tech
0.25975266098976135,NC State,West Virginia
0.3066372573375702,NC State,Wichita St
0.8711100816726685,NC State,Wright St
0.3232507109642029,NC State,Xavier
0.6491844058036804,Nevada,New Mexico St
0.28483816981315613,Nevada,North Carolina
0.3407233655452728,Nevada,Ohio St
0.7066572308540344,Nevada,Oklahoma
0.8876086473464966,Nevada,Penn
0.8515061736106873,Nevada,Providence
0.3202740252017975,Nevada,Purdue
0.9447276592254639,Nevada,Radford
0.5499258041381836,Nevada,Rhode Island
0.6561886668205261,Nevada,S Dakota St
0.6470893025398254,Nevada,San Diego St
0.5930914282798767,Nevada,Seton Hall
0.9154348373413086,Nevada,SF Austin
0.6788690090179443,Nevada,St Bonaventure
0.7787630558013916,Nevada,Syracuse
0.35975849628448486,Nevada,TCU
0.31345969438552856,Nevada,Tennessee
0.7799893617630005,Nevada,Texas
0.5345061421394348,Nevada,Texas A&M
0.4155850410461426,Nevada,Texas Tech
0.9483548998832703,Nevada,TX Southern
0.6965102553367615,Nevada,UCLA
0.949999988079071,Nevada,UMBC
0.8362120985984802,Nevada,UNC Greensboro
0.2987945079803467,Nevada,Villanova
0.16172897815704346,Nevada,Virginia
0.6964868903160095,Nevada,Virginia Tech
0.3947382867336273,Nevada,West Virginia
0.3125166893005371,Nevada,Wichita St
0.9028670191764832,Nevada,Wright St
0.38001707196235657,Nevada,Xavier
0.1852049082517624,New Mexico St,North Carolina
0.30163636803627014,New Mexico St,Ohio St
0.49308091402053833,New Mexico St,Oklahoma
0.8655116558074951,New Mexico St,Penn
0.688805341720581,New Mexico St,Providence
0.13040359318256378,New Mexico St,Purdue
0.9315522909164429,New Mexico St,Radford
0.32534435391426086,New Mexico St,Rhode Island
0.5591021180152893,New Mexico St,S Dakota St
0.6064757108688354,New Mexico St,San Diego St
0.2948978841304779,New Mexico St,Seton Hall
0.7520517706871033,New Mexico St,SF Austin
0.6251963973045349,New Mexico St,St Bonaventure
0.6124454736709595,New Mexico St,Syracuse
0.4219129681587219,New Mexico St,TCU
0.21499280631542206,New Mexico St,Tennessee
0.550827145576477,New Mexico St,Texas
0.3008222281932831,New Mexico St,Texas A&M
0.2538682520389557,New Mexico St,Texas Tech
0.949999988079071,New Mexico St,TX Southern
0.4714048504829407,New Mexico St,UCLA
0.949999988079071,New Mexico St,UMBC
0.7027813196182251,New Mexico St,UNC Greensboro
0.13097983598709106,New Mexico St,Villanova
0.09892069548368454,New Mexico St,Virginia
0.3277896046638489,New Mexico St,Virginia Tech
0.17214547097682953,New Mexico St,West Virginia
0.22991444170475006,New Mexico St,Wichita St
0.8600623607635498,New Mexico St,Wright St
0.19909867644309998,New Mexico St,Xavier
0.3815930485725403,North Carolina,Ohio St
0.7439541220664978,North Carolina,Oklahoma
0.7873231172561646,North Carolina,Penn
0.8672975897789001,North Carolina,Providence
0.4250894784927368,North Carolina,Purdue
0.949999988079071,North Carolina,Radford
0.6690996885299683,North Carolina,Rhode Island
0.8769608736038208,North Carolina,S Dakota St
0.769031286239624,North Carolina,San Diego St
0.683941125869751,North Carolina,Seton Hall
0.8092552423477173,North Carolina,SF Austin
0.810732901096344,North Carolina,St Bonaventure
0.8967490196228027,North Carolina,Syracuse
0.5145401954650879,North Carolina,TCU
0.4834294021129608,North Carolina,Tennessee
0.806065559387207,North Carolina,Texas
0.681545078754425,North Carolina,Texas A&M
0.4590661823749542,North Carolina,Texas Tech
0.949999988079071,North Carolina,TX Southern
0.790314793586731,North Carolina,UCLA
0.949999988079071,North Carolina,UMBC
0.785440981388092,North Carolina,UNC Greensboro
0.5088267922401428,North Carolina,Villanova
0.12424483895301819,North Carolina,Virginia
0.5925599932670593,North Carolina,Virginia Tech
0.4222814440727234,North Carolina,West Virginia
0.48894771933555603,North Carolina,Wichita St
0.949999988079071,North Carolina,Wright St
0.41624975204467773,North Carolina,Xavier
0.694894015789032,Ohio St,Oklahoma
0.7904406189918518,Ohio St,Penn
0.7544236779212952,Ohio St,Providence
0.41783028841018677,Ohio St,Purdue
0.9340916275978088,Ohio St,Radford
0.5915549993515015,Ohio St,Rhode Island
0.7934051752090454,Ohio St,S Dakota St
0.6707702279090881,Ohio St,San Diego St
0.519153892993927,Ohio St,Seton Hall
0.7562894225120544,Ohio St,SF Austin
0.6602224111557007,Ohio St,St Bonaventure
0.8445934057235718,Ohio St,Syracuse
0.5125232934951782,Ohio St,TCU
0.42693546414375305,Ohio St,Tennessee
0.7013984322547913,Ohio St,Texas
0.6666816473007202,Ohio St,Texas A&M
0.3992619216442108,Ohio St,Texas Tech
0.949999988079071,Ohio St,TX Southern
0.6206331253051758,Ohio St,UCLA
0.9370462894439697,Ohio St,UMBC
0.7985677719116211,Ohio St,UNC Greensboro
0.17115518450737,Ohio St,Villanova
0.29282814264297485,Ohio St,Virginia
0.6308149099349976,Ohio St,Virginia Tech
0.40182334184646606,Ohio St,West Virginia
0.5788453221321106,Ohio St,Wichita St
0.8795812129974365,Ohio St,Wright St
0.41735148429870605,Ohio St,Xavier
0.8291831612586975,Oklahoma,Penn
0.5502063035964966,Oklahoma,Providence
0.0986095443367958,Oklahoma,Purdue
0.8941943645477295,Oklahoma,Radford
0.3265184760093689,Oklahoma,Rhode Island
0.6027654409408569,Oklahoma,S Dakota St
0.39585575461387634,Oklahoma,San Diego St
0.3078669607639313,Oklahoma,Seton Hall
0.8028786182403564,Oklahoma,SF Austin
0.3931611180305481,Oklahoma,St Bonaventure
0.5616890788078308,Oklahoma,Syracuse
0.4662778079509735,Oklahoma,TCU
0.19944033026695251,Oklahoma,Tennessee
0.31661680340766907,Oklahoma,Texas
0.34200558066368103,Oklahoma,Texas A&M
0.17832785844802856,Oklahoma,Texas Tech
0.9237658977508545,Oklahoma,TX Southern
0.4722452759742737,Oklahoma,UCLA
0.8970440626144409,Oklahoma,UMBC
0.65497225522995,Oklahoma,UNC Greensboro
0.09245260059833527,Oklahoma,Villanova
0.07429808378219604,Oklahoma,Virginia
0.2297554314136505,Oklahoma,Virginia Tech
0.24157361686229706,Oklahoma,West Virginia
0.3109520673751831,Oklahoma,Wichita St
0.8467458486557007,Oklahoma,Wright St
0.1904689222574234,Oklahoma,Xavier
0.17459382116794586,Penn,Providence
0.13067488372325897,Penn,Purdue
0.8092584609985352,Penn,Radford
0.15700379014015198,Penn,Rhode Island
0.16592469811439514,Penn,S Dakota St
0.16904735565185547,Penn,San Diego St
0.16366159915924072,Penn,Seton Hall
0.304377943277359,Penn,SF Austin
0.14976006746292114,Penn,St Bonaventure
0.17824098467826843,Penn,Syracuse
0.10407016426324844,Penn,TCU
0.15698066353797913,Penn,Tennessee
0.1425180584192276,Penn,Texas
0.1683529019355774,Penn,Texas A&M
0.11771838366985321,Penn,Texas Tech
0.911404013633728,Penn,TX Southern
0.17486074566841125,Penn,UCLA
0.8291213512420654,Penn,UMBC
0.23375341296195984,Penn,UNC Greensboro
0.10841651260852814,Penn,Villanova
0.060768090188503265,Penn,Virginia
0.18704332411289215,Penn,Virginia Tech
0.11104100942611694,Penn,West Virginia
0.10475219786167145,Penn,Wichita St
0.5287212133407593,Penn,Wright St
0.07627905905246735,Penn,Xavier
0.10935870558023453,Providence,Purdue
0.923326313495636,Providence,Radford
0.2643801271915436,Providence,Rhode Island
0.6359562277793884,Providence,S Dakota St
0.4851591885089874,Providence,San Diego St
0.3213169574737549,Providence,Seton Hall
0.7267671227455139,Providence,SF Austin
0.4983348548412323,Providence,St Bonaventure
0.485303670167923,Providence,Syracuse
0.22454629838466644,Providence,TCU
0.14666682481765747,Providence,Tennessee
0.33537179231643677,Providence,Texas
0.2656560242176056,Providence,Texas A&M
0.1910315454006195,Providence,Texas Tech
0.9422761797904968,Providence,TX Southern
0.3648463189601898,Providence,UCLA
0.901421070098877,Providence,UMBC
0.6234750747680664,Providence,UNC Greensboro
0.06762795150279999,Providence,Villanova
0.09539095312356949,Providence,Virginia
0.4010903835296631,Providence,Virginia Tech
0.12225023657083511,Providence,West Virginia
0.19047784805297852,Providence,Wichita St
0.7395676970481873,Providence,Wright St
0.13008417189121246,Providence,Xavier
0.949999988079071,Purdue,Radford
0.710763156414032,Purdue,Rhode Island
0.8529313802719116,Purdue,S Dakota St
0.8280391693115234,Purdue,San Diego St
0.7134474515914917,Purdue,Seton Hall
0.9118735790252686,Purdue,SF Austin
0.8492523431777954,Purdue,St Bonaventure
0.9094555377960205,Purdue,Syracuse
0.5403666496276855,Purdue,TCU
0.631531834602356,Purdue,Tennessee
0.8660027980804443,Purdue,Texas
0.8432877063751221,Purdue,Texas A&M
0.4958576261997223,Purdue,Texas Tech
0.949999988079071,Purdue,TX Southern
0.7748176455497742,Purdue,UCLA
0.949999988079071,Purdue,UMBC
0.8717290163040161,Purdue,UNC Greensboro
0.40829941630363464,Purdue,Villanova
0.38890689611434937,Purdue,Virginia
0.7727298736572266,Purdue,Virginia Tech
0.56887286901474,Purdue,West Virginia
0.5064564943313599,Purdue,Wichita St
0.9484187364578247,Purdue,Wright St
0.4973237216472626,Purdue,Xavier
0.05000000074505806,Radford,Rhode Island
0.1383579522371292,Radford,S Dakota St
0.09869638085365295,Radford,San Diego St
0.10055091232061386,Radford,Seton Hall
0.14236511290073395,Radford,SF Austin
0.12368451058864594,Radford,St Bonaventure
0.0980498418211937,Radford,Syracuse
0.05139053985476494,Radford,TCU
0.06154746189713478,Radford,Tennessee
0.06659040600061417,Radford,Texas
0.07701727002859116,Radford,Texas A&M
0.05000000074505806,Radford,Texas Tech
0.8209215402603149,Radford,TX Southern
0.12501949071884155,Radford,UCLA
0.37639740109443665,Radford,UMBC
0.1443539410829544,Radford,UNC Greensboro
0.05000000074505806,Radford,Villanova
0.05000000074505806,Radford,Virginia
0.05260544270277023,Radford,Virginia Tech
0.05000000074505806,Radford,West Virginia
0.05638967826962471,Radford,Wichita St
0.14016838371753693,Radford,Wright St
0.05000000074505806,Radford,Xavier
0.6799156665802002,Rhode Island,S Dakota St
0.5751811265945435,Rhode Island,San Diego St
0.4770870506763458,Rhode Island,Seton Hall
0.8124071359634399,Rhode Island,SF Austin
0.7147504091262817,Rhode Island,St Bonaventure
0.6891987919807434,Rhode Island,Syracuse
0.4286928176879883,Rhode Island,TCU
0.42271530628204346,Rhode Island,Tennessee
0.6673818230628967,Rhode Island,Texas
0.4814104437828064,Rhode Island,Texas A&M
0.19765615463256836,Rhode Island,Texas Tech
0.9460355639457703,Rhode Island,TX Southern
0.6341277360916138,Rhode Island,UCLA
0.9439024925231934,Rhode Island,UMBC
0.8137266039848328,Rhode Island,UNC Greensboro
0.13300222158432007,Rhode Island,Villanova
0.2316695749759674,Rhode Island,Virginia
0.5156873464584351,Rhode Island,Virginia Tech
0.3191336691379547,Rhode Island,West Virginia
0.35858389735221863,Rhode Island,Wichita St
0.8361265063285828,Rhode Island,Wright St
0.3304697573184967,Rhode Island,Xavier
0.29933491349220276,S Dakota St,San Diego St
0.27013877034187317,S Dakota St,Seton Hall
0.8951124548912048,S Dakota St,SF Austin
0.3817600607872009,S Dakota St,St Bonaventure
0.2950480878353119,S Dakota St,Syracuse
0.2796717584133148,S Dakota St,TCU
0.19981591403484344,S Dakota St,Tennessee
0.227620467543602,S Dakota St,Texas
0.388781875371933,S Dakota St,Texas A&M
0.1548992097377777,S Dakota St,Texas Tech
0.9442102909088135,S Dakota St,TX Southern
0.2857199013233185,S Dakota St,UCLA
0.8551300168037415,S Dakota St,UMBC
0.6874780654907227,S Dakota St,UNC Greensboro
0.17704781889915466,S Dakota St,Villanova
0.10933860391378403,S Dakota St,Virginia
0.3895430266857147,S Dakota St,Virginia Tech
0.137271448969841,S Dakota St,West Virginia
0.1693914383649826,S Dakota St,Wichita St
0.8568761944770813,S Dakota St,Wright St
0.2206357717514038,S Dakota St,Xavier
0.2917240262031555,San Diego St,Seton Hall
0.7822792530059814,San Diego St,SF Austin
0.5100508332252502,San Diego St,St Bonaventure
0.5389277935028076,San Diego St,Syracuse
0.46542829275131226,San Diego St,TCU
0.2243606150150299,San Diego St,Tennessee
0.5053108334541321,San Diego St,Texas
0.2974896728992462,San Diego St,Texas A&M
0.2569693624973297,San Diego St,Texas Tech
0.9200267791748047,San Diego St,TX Southern
0.4831240177154541,San Diego St,UCLA
0.9339650869369507,San Diego St,UMBC
0.640277087688446,San Diego St,UNC Greensboro
0.1776331216096878,San Diego St,Villanova
0.13622714579105377,San Diego St,Virginia
0.5314106941223145,San Diego St,Virginia Tech
0.1876349300146103,San Diego St,West Virginia
0.35706403851509094,San Diego St,Wichita St
0.8171971440315247,San Diego St,Wright St
0.16873088479042053,San Diego St,Xavier
0.780981719493866,Seton Hall,SF Austin
0.660234808921814,Seton Hall,St Bonaventure
0.7009830474853516,Seton Hall,Syracuse
0.4145209789276123,Seton Hall,TCU
0.4482714831829071,Seton Hall,Tennessee
0.5959986448287964,Seton Hall,Texas
0.560276985168457,Seton Hall,Texas A&M
0.2940370738506317,Seton Hall,Texas Tech
0.9406841993331909,Seton Hall,TX Southern
0.5612110495567322,Seton Hall,UCLA
0.9329886436462402,Seton Hall,UMBC
0.8474588394165039,Seton Hall,UNC Greensboro
0.13369707763195038,Seton Hall,Villanova
0.1263127326965332,Seton Hall,Virginia
0.5345931649208069,Seton Hall,Virginia Tech
0.33663076162338257,Seton Hall,West Virginia
0.30175963044166565,Seton Hall,Wichita St
0.847902238368988,Seton Hall,Wright St
0.3606029748916626,Seton Hall,Xavier
0.22260475158691406,SF Austin,St Bonaventure
0.27019718289375305,SF Austin,Syracuse
0.1994839459657669,SF Austin,TCU
0.15017713606357574,SF Austin,Tennessee
0.18247832357883453,SF Austin,Texas
0.17558301985263824,SF Austin,Texas A&M
0.2188890129327774,SF Austin,Texas Tech
0.9163172841072083,SF Austin,TX Southern
0.14689035713672638,SF Austin,UCLA
0.8380540609359741,SF Austin,UMBC
0.17386092245578766,SF Austin,UNC Greensboro
0.06498470902442932,SF Austin,Villanova
0.15249279141426086,SF Austin,Virginia
0.17141608893871307,SF Austin,Virginia Tech
0.1463392972946167,SF Austin,West Virginia
0.1540064662694931,SF Austin,Wichita St
0.7281843423843384,SF Austin,Wright St
0.11820457130670547,SF Austin,Xavier
0.5094254612922668,St Bonaventure,Syracuse
0.252725213766098,St Bonaventure,TCU
0.176550954580307,St Bonaventure,Tennessee
0.33401378989219666,St Bonaventure,Texas
0.2720370292663574,St Bonaventure,Texas A&M
0.17615005373954773,St Bonaventure,Texas Tech
0.9479562640190125,St Bonaventure,TX Southern
0.3950730264186859,St Bonaventure,UCLA
0.9203115105628967,St Bonaventure,UMBC
0.7137675285339355,St Bonaventure,UNC Greensboro
0.05858989804983139,St Bonaventure,Villanova
0.12655198574066162,St Bonaventure,Virginia
0.3738788664340973,St Bonaventure,Virginia Tech
0.14583873748779297,St Bonaventure,West Virginia
0.2299821525812149,St Bonaventure,Wichita St
0.7890484929084778,St Bonaventure,Wright St
0.16546092927455902,St Bonaventure,Xavier
0.6702131032943726,Syracuse,TCU
0.20221620798110962,Syracuse,Tennessee
0.40182334184646606,Syracuse,Texas
0.29668691754341125,Syracuse,Texas A&M
0.23098595440387726,Syracuse,Texas Tech
0.9051489233970642,Syracuse,TX Southern
0.4609200656414032,Syracuse,UCLA
0.9249091744422913,Syracuse,UMBC
0.3053382933139801,Syracuse,UNC Greensboro
0.06824415177106857,Syracuse,Villanova
0.1143050268292427,Syracuse,Virginia
0.3658779561519623,Syracuse,Virginia Tech
0.2139095813035965,Syracuse,West Virginia
0.6493362188339233,Syracuse,Wichita St
0.7269556522369385,Syracuse,Wright St
0.11224471777677536,Syracuse,Xavier
0.40047022700309753,TCU,Tennessee
0.803146481513977,TCU,Texas
0.7617862820625305,TCU,Texas A&M
0.3444220721721649,TCU,Texas Tech
0.9448140263557434,TCU,TX Southern
0.5943254828453064,TCU,UCLA
0.939090371131897,TCU,UMBC
0.8423389792442322,TCU,UNC Greensboro
0.28818246722221375,TCU,Villanova
0.11330868303775787,TCU,Virginia
0.6030383706092834,TCU,Virginia Tech
0.30306047201156616,TCU,West Virginia
0.42652496695518494,TCU,Wichita St
0.9279211759567261,TCU,Wright St
0.33825811743736267,TCU,Xavier
0.7146981954574585,Tennessee,Texas
0.564184308052063,Tennessee,Texas A&M
0.41577258706092834,Tennessee,Texas Tech
0.9461634755134583,Tennessee,TX Southern
0.6415799856185913,Tennessee,UCLA
0.9267513751983643,Tennessee,UMBC
0.7477988004684448,Tennessee,UNC Greensboro
0.14180932939052582,Tennessee,Villanova
0.32918068766593933,Tennessee,Virginia
0.6998602747917175,Tennessee,Virginia Tech
0.42604535818099976,Tennessee,West Virginia
0.3635607063770294,Tennessee,Wichita St
0.8830311894416809,Tennessee,Wright St
0.4535251557826996,Tennessee,Xavier
0.4410068392753601,Texas,Texas A&M
0.2090817242860794,Texas,Texas Tech
0.9286978244781494,Texas,TX Southern
0.4721558094024658,Texas,UCLA
0.8779372572898865,Texas,UMBC
0.6196337342262268,Texas,UNC Greensboro
0.12521426379680634,Texas,Villanova
0.05000000074505806,Texas,Virginia
0.3667234480381012,Texas,Virginia Tech
0.26138585805892944,Texas,West Virginia
0.6194446682929993,Texas,Wichita St
0.7643178105354309,Texas,Wright St
0.18620271980762482,Texas,Xavier
0.3282400667667389,Texas A&M,Texas Tech
0.9448522329330444,Texas A&M,TX Southern
0.5716449022293091,Texas A&M,UCLA
0.9199491739273071,Texas A&M,UMBC
0.8307214975357056,Texas A&M,UNC Greensboro
0.1676778793334961,Texas A&M,Villanova
0.1500573605298996,Texas A&M,Virginia
0.6521630883216858,Texas A&M,Virginia Tech
0.3947626054286957,Texas A&M,West Virginia
0.3357373774051666,Texas A&M,Wichita St
0.8336675763130188,Texas A&M,Wright St
0.5153862833976746,Texas A&M,Xavier
0.9350443482398987,Texas Tech,TX Southern
0.6529741287231445,Texas Tech,UCLA
0.9448063969612122,Texas Tech,UMBC
0.8075557947158813,Texas Tech,UNC Greensboro
0.1782890111207962,Texas Tech,Villanova
0.27341020107269287,Texas Tech,Virginia
0.6218321919441223,Texas Tech,Virginia Tech
0.46567922830581665,Texas Tech,West Virginia
0.374961256980896,Texas Tech,Wichita St
0.918499767780304,Texas Tech,Wright St
0.44562390446662903,Texas Tech,Xavier
0.05000000074505806,TX Southern,UCLA
0.14090663194656372,TX Southern,UMBC
0.05000000074505806,TX Southern,UNC Greensboro
0.05000000074505806,TX Southern,Villanova
0.05000000074505806,TX Southern,Virginia
0.05000000074505806,TX Southern,Virginia Tech
0.05000000074505806,TX Southern,West Virginia
0.05000000074505806,TX Southern,Wichita St
0.09648699313402176,TX Southern,Wright St
0.05000000074505806,TX Southern,Xavier
0.9065130352973938,UCLA,UMBC
0.6524333953857422,UCLA,UNC Greensboro
0.1334642916917801,UCLA,Villanova
0.07429808378219604,UCLA,Virginia
0.32325059175491333,UCLA,Virginia Tech
0.21836338937282562,UCLA,West Virginia
0.32907259464263916,UCLA,Wichita St
0.8860734701156616,UCLA,Wright St
0.2559587359428406,UCLA,Xavier
0.14085575938224792,UMBC,UNC Greensboro
0.05000000074505806,UMBC,Villanova
0.05000000074505806,UMBC,Virginia
0.07300935685634613,UMBC,Virginia Tech
0.05000000074505806,UMBC,West Virginia
0.05000000074505806,UMBC,Wichita St
0.1385435163974762,UMBC,Wright St
0.05000000074505806,UMBC,Xavier
0.12251386791467667,UNC Greensboro,Villanova
0.10082370042800903,UNC Greensboro,Virginia
0.17855608463287354,UNC Greensboro,Virginia Tech
0.16766303777694702,UNC Greensboro,West Virginia
0.0631786584854126,UNC Greensboro,Wichita St
0.8143224716186523,UNC Greensboro,Wright St
0.11316641420125961,UNC Greensboro,Xavier
0.5981938242912292,Villanova,Virginia
0.8071253299713135,Villanova,Virginia Tech
0.6225706338882446,Villanova,West Virginia
0.6189794540405273,Villanova,Wichita St
0.9457454681396484,Villanova,Wright St
0.6999191641807556,Villanova,Xavier
0.6748971939086914,Virginia,Virginia Tech
0.4954061806201935,Virginia,West Virginia
0.6218342781066895,Virginia,Wichita St
0.9307848215103149,Virginia,Wright St
0.5546452403068542,Virginia,Xavier
0.18418312072753906,Virginia Tech,West Virginia
0.2622044086456299,Virginia Tech,Wichita St
0.89288729429245,Virginia Tech,Wright St
0.2937382757663727,Virginia Tech,Xavier
0.5210985541343689,West Virginia,Wichita St
0.9342416524887085,West Virginia,Wright St
0.2728372812271118,West Virginia,Xavier
0.936251163482666,Wichita St,Wright St
0.4421434998512268,Wichita St,Xavier
0.10317961871623993,Wright St,Xavier
